"Collection Name","Field","Type","DB Constraints","Description","Validation"
"APPAccessList","key","string","NOT NULL","The unique key identifier for the access list entry, used for internal referencing and access control mapping.","None explicitly defined in DTO"
"APPAccessList","enabled","bool","NOT NULL","Boolean flag indicating whether this access list entry is currently active and enabled for use in the application.","None explicitly defined in DTO"
"APPAccessList","access_list_name","string","NOT NULL","The human-readable name of the access list, describing its purpose or scope within the application access control system.","None explicitly defined in DTO"
"APPAccessList","sub_access_list","[]types.SubAccessList","NOT NULL","An array of sub-access list entries, each containing nested access control configurations with their own keys and enabled states.","None explicitly defined in DTO"
"APPAccessList","ussd_enabled","bool","NOT NULL","Boolean flag indicating whether USSD (Unstructured Supplementary Service Data) functionality is enabled for this access list entry.","None explicitly defined in DTO"
"Advert","id","bson.ObjectID","PK, auto-generated","The primary key serving as a unique, auto-generated MongoDB ObjectID identifier for each Advert record, ensuring global uniqueness across the system.","required (auto-generated, no user input needed)"
"Advert","title","string","NOT NULL","The title or headline of the advertisement, providing a concise summary of the promotional content displayed to users.","required, length(3-20 characters), no special characters"
"Advert","description","string","NOT NULL","A detailed description of the advertisement content, providing additional context and information about the promotional offer or message.","None explicitly defined in DTO"
"Advert","banner_image","string","NOT NULL","The file path or URL reference to the banner image associated with this advertisement, used for visual presentation in the application interface.","required (on create), max 2MB, JPEG/PNG/GIF/WebP only"
"Advert","advert_for","string","NOT NULL","An enumeration indicating the target audience or realm for this advertisement, such as CBE, IFB, or BOTH, determining where the ad will be displayed.","required, must be one of: BOTH, IFB, CB"
"Advert","enabled","bool","NOT NULL","Boolean flag indicating whether this advertisement is currently active and visible to users in the application interface.","None explicitly defined in DTO"
"Advert","is_deleted","bool","NOT NULL","Soft delete flag indicating whether this advertisement record has been marked for deletion, allowing for data retention and audit purposes.","None explicitly defined in DTO"
"Advert","deleted_at","time.Time","nullable","Timestamp indicating when this advertisement record was soft-deleted, providing an audit trail for data lifecycle management.","None explicitly defined in DTO"
"Advert","created_at","time.Time","NOT NULL","Timestamp when the advertisement record was initially created in the system, automatically set upon record creation.","None explicitly defined in DTO"
"Advert","last_updated_at","NotificationPurpose","NOT NULL","Timestamp indicating the most recent modification to this advertisement record, automatically updated on each change.","None explicitly defined in DTO"
"ArchivedLinkedAccount","id","bson.ObjectID","PK, auto-generated","The primary key serving as a unique, auto-generated MongoDB ObjectID identifier for each ArchivedLinkedAccount record.","required (auto-generated, no user input needed)"
"ArchivedLinkedAccount","user_id","bson.ObjectID","NOT NULL, FK to User.id","Foreign key reference to the User record who owns this linked account, establishing the relationship between users and their archived account linkages.","None explicitly defined in DTO"
"ArchivedLinkedAccount","customer_number","string","NOT NULL","The Customer Information File (CIF) number associated with this linked account, serving as a unique identifier for the customer in the banking system.","None explicitly defined in DTO"
"ArchivedLinkedAccount","account_number","string","NOT NULL","The unique bank account number associated with this archived linked account, used for transaction processing and account identification.","None explicitly defined in DTO"
"ArchivedLinkedAccount","account_holder_name","string","NOT NULL","The full legal name of the account holder as registered in the banking system, ensuring proper account ownership verification.","None explicitly defined in DTO"
"ArchivedLinkedAccount","account_type","string","NOT NULL","The classification of the bank account type, such as savings, checking, or current account, determining account features and restrictions.","None explicitly defined in DTO"
"ArchivedLinkedAccount","branch_code","string","NOT NULL","The unique code identifying the bank branch where this account was originally opened or linked, used for branch-level operations and reporting.","None explicitly defined in DTO"
"ArchivedLinkedAccount","linked_status","bool","NOT NULL","Boolean flag indicating the current linkage status of this archived account, showing whether it was linked at the time of archival.","None explicitly defined in DTO"
"ArchivedLinkedAccount","last_linked_status","bool","NOT NULL","The previous linkage status of this account before archival, providing historical context for account state transitions.","None explicitly defined in DTO"
"ArchivedLinkedAccount","linked_at","time.Time","NOT NULL","Timestamp indicating when this account was originally linked to the user's profile in the application.","None explicitly defined in DTO"
"ArchivedLinkedAccount","linker_branch","string","NOT NULL","The branch code or identifier of the branch that performed the account linking operation, used for audit and operational tracking.","None explicitly defined in DTO"
"ArchivedLinkedAccount","registration_type","constants.RegistrationType","NOT NULL","An enumeration indicating the method by which the account was registered or linked, such as self-registration or branch-assisted registration.","None explicitly defined in DTO"
"ArchivedLinkedAccount","is_account_active","bool","NOT NULL","Boolean flag indicating whether the underlying bank account is currently active and operational in the core banking system.","None explicitly defined in DTO"
"ArchivedLinkedAccount","and_or_status","bool","NOT NULL","Boolean flag indicating the logical relationship (AND/OR) for multi-account scenarios, determining how multiple accounts interact in transaction processing.","None explicitly defined in DTO"
"ArchivedLinkedAccount","account_branch_code","string","NOT NULL","The branch code associated with the account itself, which may differ from the linking branch code in certain scenarios.","None explicitly defined in DTO"
"ArchivedLinkedAccount","currency","string","NOT NULL","The three-letter ISO 4217 currency code for this account, such as ETB for Ethiopian Birr, determining the account's monetary denomination.","None explicitly defined in DTO"
"ArchivedLinkedAccount","is_main","bool","NOT NULL, default: false","Boolean flag indicating whether this is the primary or main account for the user, with the first linked account typically set to true by default.","None explicitly defined in DTO"
"ArchivedLinkedAccount","maker_and_checker_linkers_maker","string","NOT NULL","The user identifier of the maker who initiated the account linking process, part of the maker-checker approval workflow.","None explicitly defined in DTO"
"ArchivedLinkedAccount","maker_and_checker_linkers_checker","string","NOT NULL","The user identifier of the checker who approved the account linking process, part of the maker-checker approval workflow.","None explicitly defined in DTO"
"ArchivedLinkedAccount","maker_and_checker_unlinkers_maker","string","nullable","The user identifier of the maker who initiated the account unlinking process, if applicable, part of the maker-checker approval workflow.","None explicitly defined in DTO"
"ArchivedLinkedAccount","maker_and_checker_unlinkers_checker","string","nullable","The user identifier of the checker who approved the account unlinking process, if applicable, part of the maker-checker approval workflow.","None explicitly defined in DTO"
"ArchivedLinkedAccount","created_at","time.Time","NOT NULL","Timestamp when this archived linked account record was created, automatically set upon archival.","None explicitly defined in DTO"
"ArchivedLinkedAccount","updated_at","time.Time","NOT NULL","Timestamp indicating the most recent modification to this archived linked account record, automatically updated on each change.","None explicitly defined in DTO"
"AccountBlock","id","bson.ObjectID","PK, auto-generated","The primary key serving as a unique, auto-generated MongoDB ObjectID identifier for each AccountBlock record.","None explicitly defined in DTO"
"AccountBlock","name","string","NOT NULL","The name of the account block entity, such as region name, district name, city name, or branch name.","None explicitly defined in DTO"
"AccountBlock","code","string","NOT NULL","The unique code identifier for the account block entity, used for referencing and hierarchical organization.","None explicitly defined in DTO"
"AccountBlock","address","string","NOT NULL","The physical address or location description of the account block entity.","None explicitly defined in DTO"
"AccountBlock","parent_id","*bson.ObjectID","nullable, FK to AccountBlock.id","Foreign key reference to the parent AccountBlock record, establishing hierarchical relationships (e.g., district belongs to region).","None explicitly defined in DTO"
"AccountBlock","slug","string","NOT NULL","A URL-friendly identifier for the account block entity, typically derived from the name for use in web interfaces.","None explicitly defined in DTO"
"AccountBlock","type","AccountBlockType","NOT NULL","An enumeration indicating the type of account block: R (Region), D (District), C (City), or B (Branch).","None explicitly defined in DTO"
"AccountBlock","is_enabled","bool","NOT NULL","Boolean flag indicating whether this account block entity is currently enabled and active in the system.","None explicitly defined in DTO"
"AccountBlock","is_deleted","bool","NOT NULL","Soft delete flag indicating whether this account block record has been marked for deletion.","None explicitly defined in DTO"
"AccountBlock","created_at","time.Time","NOT NULL","Timestamp when this account block record was initially created in the system.","None explicitly defined in DTO"
"AccountBlock","updated_at","time.Time","NOT NULL","Timestamp indicating the most recent modification to this account block record.","None explicitly defined in DTO"
"Branch","id","bson.ObjectID","PK, auto-generated","The primary key serving as a unique, auto-generated MongoDB ObjectID identifier for each Branch record.","None explicitly defined in DTO"
"Branch","branch_code","string","NOT NULL","The unique code identifying the bank branch, used for branch-level operations and routing.","None explicitly defined in DTO"
"Branch","branch_name","string","NOT NULL","The full name of the bank branch, providing human-readable identification.","None explicitly defined in DTO"
"Branch","branch_address","string","NOT NULL","The physical address of the bank branch location.","None explicitly defined in DTO"
"Branch","district_code","string","NOT NULL","The code of the district where this branch is located, establishing geographical hierarchy.","None explicitly defined in DTO"
"Branch","district_name","string","NOT NULL","The name of the district where this branch is located.","None explicitly defined in DTO"
"Branch","region_name","string","NOT NULL","The name of the region where this branch is located.","None explicitly defined in DTO"
"Branch","record_stat","string","NOT NULL","The record status indicator, typically used for synchronization with core banking systems.","None explicitly defined in DTO"
"Branch","enabled","bool","NOT NULL","Boolean flag indicating whether this branch is currently enabled and active in the system.","None explicitly defined in DTO"
"Branch","enable_or_disable_reason","string","nullable","A textual explanation for why the branch was enabled or disabled, used for audit and operational tracking.","None explicitly defined in DTO"
"Branch","is_deleted","bool","NOT NULL","Soft delete flag indicating whether this branch record has been marked for deletion.","None explicitly defined in DTO"
"Branch","created_at","time.Time","NOT NULL","Timestamp when this branch record was initially created in the system.","None explicitly defined in DTO"
"Branch","updated_at","time.Time","NOT NULL","Timestamp indicating the most recent modification to this branch record.","None explicitly defined in DTO"
"Region","id","bson.ObjectID","PK, auto-generated","The primary key serving as a unique, auto-generated MongoDB ObjectID identifier for each Region record.","None explicitly defined in DTO"
"Region","region_code","string","NOT NULL","The unique code identifying the administrative region, used for regional operations and reporting.","None explicitly defined in DTO"
"Region","region_name","string","NOT NULL","The full name of the administrative region, providing human-readable identification.","None explicitly defined in DTO"
"Region","region_address","string","NOT NULL","The address or location description of the regional administrative office.","None explicitly defined in DTO"
"Region","enabled","bool","NOT NULL","Boolean flag indicating whether this region is currently enabled and active in the system.","None explicitly defined in DTO"
"Region","enable_or_disable_reason","string","nullable","A textual explanation for why the region was enabled or disabled, used for audit and operational tracking.","None explicitly defined in DTO"
"Region","is_deleted","bool","NOT NULL","Soft delete flag indicating whether this region record has been marked for deletion.","None explicitly defined in DTO"
"Region","created_at","time.Time","NOT NULL","Timestamp when this region record was initially created in the system.","None explicitly defined in DTO"
"Region","updated_at","time.Time","NOT NULL","Timestamp indicating the most recent modification to this region record.","None explicitly defined in DTO"
"District","id","bson.ObjectID","PK, auto-generated","The primary key serving as a unique, auto-generated MongoDB ObjectID identifier for each District record.","None explicitly defined in DTO"
"District","district_code","string","NOT NULL","The unique code identifying the administrative district, used for district-level operations and reporting.","None explicitly defined in DTO"
"District","district_name","string","NOT NULL","The full name of the administrative district, providing human-readable identification.","None explicitly defined in DTO"
"District","district_address","string","NOT NULL","The address or location description of the district administrative office.","None explicitly defined in DTO"
"District","region_id","string","NOT NULL, FK to Region.id","Foreign key reference to the Region record to which this district belongs, establishing geographical hierarchy.","None explicitly defined in DTO"
"District","region_name","string","NOT NULL","The name of the region to which this district belongs, denormalized for quick reference.","None explicitly defined in DTO"
"District","enabled","bool","NOT NULL","Boolean flag indicating whether this district is currently enabled and active in the system.","None explicitly defined in DTO"
"District","enable_or_disable_reason","string","nullable","A textual explanation for why the district was enabled or disabled, used for audit and operational tracking.","None explicitly defined in DTO"
"District","is_deleted","bool","NOT NULL","Soft delete flag indicating whether this district record has been marked for deletion.","None explicitly defined in DTO"
"District","created_at","time.Time","NOT NULL","Timestamp when this district record was initially created in the system.","None explicitly defined in DTO"
"District","updated_at","time.Time","NOT NULL","Timestamp indicating the most recent modification to this district record.","None explicitly defined in DTO"
"City","id","bson.ObjectID","PK, auto-generated","The primary key serving as a unique, auto-generated MongoDB ObjectID identifier for each City record.","None explicitly defined in DTO"
"City","city_code","string","nullable","The unique code identifying the city, used for city-level operations and reporting.","None explicitly defined in DTO"
"City","city_name","string","nullable","The full name of the city, providing human-readable identification.","None explicitly defined in DTO"
"City","city_address","string","nullable","The address or location description of the city administrative area.","None explicitly defined in DTO"
"City","district_id","string","nullable, FK to District.id","Foreign key reference to the District record to which this city belongs, establishing geographical hierarchy.","None explicitly defined in DTO"
"City","district_name","string","nullable","The name of the district to which this city belongs, denormalized for quick reference.","None explicitly defined in DTO"
"City","region_id","string","nullable, FK to Region.id","Foreign key reference to the Region record to which this city belongs, establishing geographical hierarchy.","None explicitly defined in DTO"
"City","region_name","string","nullable","The name of the region to which this city belongs, denormalized for quick reference.","None explicitly defined in DTO"
"City","enabled","bool","NOT NULL","Boolean flag indicating whether this city is currently enabled and active in the system.","None explicitly defined in DTO"
"City","enable_or_disable_reason","string","nullable","A textual explanation for why the city was enabled or disabled, used for audit and operational tracking.","None explicitly defined in DTO"
"City","is_deleted","bool","NOT NULL","Soft delete flag indicating whether this city record has been marked for deletion.","None explicitly defined in DTO"
"City","created_at","time.Time","nullable","Timestamp when this city record was initially created in the system.","None explicitly defined in DTO"
"City","updated_at","time.Time","NOT NULL","Timestamp indicating the most recent modification to this city record.","None explicitly defined in DTO"
"AuthTier","id","bson.ObjectID","PK, auto-generated","The primary key serving as a unique, auto-generated MongoDB ObjectID identifier for each AuthTier record.","None explicitly defined in DTO"
"AuthTier","min_amount","uint64","NOT NULL","The minimum transaction amount threshold for this authentication tier, defining the lower bound of the amount range.","None explicitly defined in DTO"
"AuthTier","max_amount","uint64","NOT NULL","The maximum transaction amount threshold for this authentication tier, defining the upper bound of the amount range.","None explicitly defined in DTO"
"AuthTier","method","constants.Method","NOT NULL","An enumeration indicating the authentication method required for transactions within this amount range, such as PIN, OTP, or biometric."," PIN, OTP, or biometric."
"AuthTier","enabled","bool","NOT NULL","Boolean flag indicating whether this authentication tier is currently active and enabled for use in the system.","None explicitly defined in DTO"
"AuthTier","is_deleted","bool","NOT NULL","Soft delete flag indicating whether this authentication tier record has been marked for deletion.","None explicitly defined in DTO"
"AuthTier","created_at","time.Time","NOT NULL","Timestamp when this authentication tier record was initially created in the system.","None explicitly defined in DTO"
"AuthTier","last_modified","time.Time","NOT NULL","Timestamp indicating the most recent modification to this authentication tier record.","None explicitly defined in DTO"
"Avatar","id","bson.ObjectID","PK, auto-generated","The primary key serving as a unique, auto-generated MongoDB ObjectID identifier for each Avatar record.","None explicitly defined in DTO"
"Avatar","avatar","string","NOT NULL","The file path or URL reference to the avatar image file, used for user profile picture display in the application interface.","None explicitly defined in DTO"
"Avatar","label","string","NOT NULL","A human-readable label or name for this avatar option, used for display and selection purposes in the user interface.","None explicitly defined in DTO"
"Avatar","enable","bool","NOT NULL","Boolean flag indicating whether this avatar option is currently enabled and available for user selection.","None explicitly defined in DTO"
"Avatar","is_deleted","bool","NOT NULL","Soft delete flag indicating whether this avatar record has been marked for deletion.","None explicitly defined in DTO"
"Avatar","created_at","time.Time","NOT NULL","Timestamp when this avatar record was initially created in the system.","None explicitly defined in DTO"
"Avatar","last_modified_at","time.Time","NOT NULL","Timestamp indicating the most recent modification to this avatar record.","None explicitly defined in DTO"
"Avatar","deleted_at","*time.Time","nullable","Timestamp indicating when this avatar record was soft-deleted, providing an audit trail for data lifecycle management.","None explicitly defined in DTO"
"Bank","id","bson.ObjectID","PK, auto-generated","The primary key serving as a unique, auto-generated MongoDB ObjectID identifier for each Bank record.","None explicitly defined in DTO"
"Bank","name","string","NOT NULL","The full legal name of the bank, used for display and identification purposes in the application interface.","required, length(3-25 characters), alphanumeric and spaces only, no special characters"
"Bank","logo","string","NOT NULL","The file path or URL reference to the bank's logo image, used for visual branding in the application interface.","required, max 2MB, JPEG/PNG/GIF/WebP only"
"Bank","code","string","NOT NULL","The unique code identifier for the bank, typically a standardized banking code used for interbank operations.","required"
"Bank","bic","string","NOT NULL","The Bank Identifier Code (BIC) or SWIFT code for the bank, used for international banking transactions and identification.","required"
"Bank","enabled","bool","NOT NULL","Boolean flag indicating whether this bank is currently enabled and active in the system.","None explicitly defined in DTO"
"Bank","is_deleted","bool","NOT NULL","Soft delete flag indicating whether this bank record has been marked for deletion.","None explicitly defined in DTO"
"Bank","created_at","time.Time","NOT NULL","Timestamp when this bank record was initially created in the system.","None explicitly defined in DTO"
"Bank","last_modified_at","time.Time","NOT NULL","Timestamp indicating the most recent modification to this bank record.","None explicitly defined in DTO"
"BankVaultProduct","id","string","PK, UUID, auto-generated","The primary key serving as a unique, auto-generated UUID identifier for each BankVaultProduct record, ensuring global uniqueness across the system.","required (auto-generated, no user input needed)"
"BankVaultProduct","name","string","NOT NULL, immutable","A human-readable name for the vault product, such as 'High-Yield Savings', which remains unchanged after creation to maintain consistency in user-facing displays.","required, length(3-100 characters), alphanumeric only, no special characters or spaces"
"BankVaultProduct","description","string","NOT NULL, updatable","A detailed description of the vault product features, terms, and conditions, providing comprehensive information to potential customers.","required, no special characters"
"BankVaultProduct","currency","string","NOT NULL, immutable","The three-letter ISO 4217 currency code for this vault product, such as ETB for Ethiopian Birr, determining the monetary denomination and remaining fixed after creation.","required, must match ISO 4217 format (3 uppercase letters), no special characters"
"BankVaultProduct","rate_bps","decimal.Decimal","NOT NULL","The interest rate for this vault product expressed in basis points (bps), where 100 bps equals 1 percentage point, used for interest calculation.","required, must be >= 0"
"BankVaultProduct","method","constants.AccrualMethod","NOT NULL","An enumeration indicating the interest accrual method: SIMPLE (interest calculated on principal only) or COMPOUND (interest calculated on principal plus accumulated interest).","required, must be one of: SIMPLE, COMPOUND"
"BankVaultProduct","frequency","constants.AccrualFrequency","NOT NULL","An enumeration indicating how frequently interest is calculated and accrued: DAILY, MONTHLY, QUARTERLY, or ANNUALLY.","required, must be one of: DAILY, MONTHLY, QUARTERLY, ANNUALLY"
"BankVaultProduct","lock_period","time.Duration","NOT NULL","The duration for which funds must remain locked in the vault before maturity, stored as a time duration and typically displayed in days to users.","required"
"BankVaultProduct","min_amount","decimal.Decimal","NOT NULL","The minimum deposit amount required to open this vault product, ensuring customers meet the product's entry threshold.","required, must be > 0, must be <= max_amount"
"BankVaultProduct","max_amount","decimal.Decimal","NOT NULL","The maximum deposit amount allowed for this vault product, setting an upper limit for customer investments.","required, must be > 0, must be >= min_amount"
"BankVaultProduct","early_unlock_fee_bps","decimal.Decimal","NOT NULL","The fee charged for early withdrawal expressed in basis points, applied when customers unlock their vault before the maturity date.","required, must be >= 0"
"BankVaultProduct","is_active","bool","NOT NULL","Boolean flag indicating whether this vault product is currently active and available for new customer subscriptions.","None explicitly defined in DTO"
"BankVaultProduct","created_at","time.Time","NOT NULL","Timestamp when this vault product record was initially created in the system.","None explicitly defined in DTO"
"BankVaultProduct","updated_at","time.Time","NOT NULL","Timestamp indicating the most recent modification to this vault product record.","None explicitly defined in DTO"
"BankVaultProduct","deleted_at","*time.Time","nullable","Timestamp indicating when this vault product record was soft-deleted, providing an audit trail for data lifecycle management.","None explicitly defined in DTO"
"BankVaultProduct","created_by","string","NOT NULL","The identifier of the user or system that created this vault product record, used for audit and accountability purposes.","None explicitly defined in DTO"
"BankVaultProduct","updated_by","string","NOT NULL","The identifier of the user or system that last modified this vault product record, used for audit and accountability purposes.","None explicitly defined in DTO"
"BankVaultProduct","is_deleted","bool","NOT NULL","Soft delete flag indicating whether this vault product record has been marked for deletion.","None explicitly defined in DTO"
"BPSUser","id","bson.ObjectID","PK, auto-generated","The primary key serving as a unique, auto-generated MongoDB ObjectID identifier for each BPSUser record.","None explicitly defined in DTO"
"BPSUser","user_code","string","NOT NULL","A unique alphanumeric code assigned to the BPS user for identification purposes within the BPS system.","None explicitly defined in DTO"
"BPSUser","full_name","string","NOT NULL","The complete legal name of the BPS user, including first name, middle name, and last name.","None explicitly defined in DTO"
"BPSUser","username","string","NOT NULL","The unique username chosen by or assigned to the BPS user for login and account identification purposes.","None explicitly defined in DTO"
"BPSUser","phone_number","string","NOT NULL","The primary contact phone number for the BPS user, used for communication and authentication purposes.","None explicitly defined in DTO"
"BPSUser","branch_code","[]string","NOT NULL","An array of branch codes associated with this BPS user, allowing access to multiple branches for operational purposes.","None explicitly defined in DTO"
"BPSUser","branch_name","string","NOT NULL","The name of the primary branch associated with this BPS user.","None explicitly defined in DTO"
"BPSUser","home_branch","string","NOT NULL","The home branch code for this BPS user, representing their primary operational location.","None explicitly defined in DTO"
"BPSUser","role","string","NOT NULL","The role or job title of the BPS user within the banking system, determining their responsibilities and access levels.","None explicitly defined in DTO"
"BPSUser","login_attempt_count","uint8","NOT NULL","A counter tracking the number of consecutive failed login attempts, used for account security and potential lockout mechanisms.","None explicitly defined in DTO"
"BPSUser","password","types.Password","NOT NULL","The encrypted password structure containing salt, current password hash, password history, and password change timestamp.","None explicitly defined in DTO"
"BPSUser","first_password_set","bool","NOT NULL","Boolean flag indicating whether the BPS user has completed the initial password setup process.","None explicitly defined in DTO"
"BPSUser","enabled","bool","NOT NULL","Boolean flag indicating whether the BPS user account is currently enabled and active in the system.","None explicitly defined in DTO"
"BPSUser","is_deleted","bool","NOT NULL","Soft delete flag indicating whether this BPS user record has been marked for deletion.","None explicitly defined in DTO"
"BPSUser","otp_verify_count","uint8","NOT NULL","A counter tracking the number of OTP verification attempts, used for rate limiting and security policy enforcement.","None explicitly defined in DTO"
"BPSUser","otp_last_tried_at","time.Time","NOT NULL","Timestamp of the most recent OTP verification attempt, whether successful or failed.","None explicitly defined in DTO"
"BPSUser","otp_last_verified_at","time.Time","NOT NULL","Timestamp of the most recent successful OTP verification.","None explicitly defined in DTO"
"BPSUser","permission_group","[]bson.ObjectID","NOT NULL","An array of permission group ObjectIDs assigned to this BPS user, defining their access permissions.","None explicitly defined in DTO"
"BPSUser","permissions","[]bson.ObjectID","NOT NULL","An array of individual permission ObjectIDs directly assigned to this BPS user.","None explicitly defined in DTO"
"BPSUser","last_login_attempt","time.Time","NOT NULL","Timestamp of the most recent login attempt, whether successful or failed.","None explicitly defined in DTO"
"BPSUser","next_login_attempt","time.Time","NOT NULL","Timestamp indicating when the next login attempt will be allowed after a series of failed attempts.","None explicitly defined in DTO"
"BPSUser","is_first_time_login","bool","NOT NULL","Boolean flag indicating whether this is the BPS user's first login, used for onboarding workflow tracking.","None explicitly defined in DTO"
"BPSUser","last_login","time.Time","NOT NULL","Timestamp of the most recent successful login by the BPS user.","None explicitly defined in DTO"
"BPSUser","created_at","time.Time","nullable","Timestamp when this BPS user record was initially created in the system.","None explicitly defined in DTO"
"BPSUser","last_modified_at","time.Time","nullable","Timestamp indicating the most recent modification to this BPS user record.","None explicitly defined in DTO"
"BudgetCategory","id","bson.ObjectID","PK, auto-generated","The primary key serving as a unique, auto-generated MongoDB ObjectID identifier for each BudgetCategory record.","None explicitly defined in DTO"
"BudgetCategory","name","string","NOT NULL","The human-readable name of the budget category, such as 'Food', 'Transportation', or 'Entertainment', used for expense categorization.","None explicitly defined in DTO"
"BudgetCategory","color","string","NOT NULL","A color code or hex value associated with this budget category, used for visual representation in charts and user interfaces.","None explicitly defined in DTO"
"BudgetCategory","icon","string","NOT NULL","The file path or identifier for the icon image associated with this budget category, used for visual identification in the user interface.","None explicitly defined in DTO"
"BudgetCategory","enabled","bool","NOT NULL","Boolean flag indicating whether this budget category is currently enabled and available for use in the application.","None explicitly defined in DTO"
"BudgetCategory","is_deleted","bool","NOT NULL","Soft delete flag indicating whether this budget category record has been marked for deletion.","None explicitly defined in DTO"
"BudgetCategory","created_at","time.Time","NOT NULL","Timestamp when this budget category record was initially created in the system.","None explicitly defined in DTO"
"BudgetCategory","updated_at","time.Time","NOT NULL","Timestamp indicating the most recent modification to this budget category record.","None explicitly defined in DTO"
"Card","id","bson.ObjectID","PK, auto-generated","The primary key serving as a unique, auto-generated MongoDB ObjectID identifier for each Card record.","None explicitly defined in DTO"
"Card","card_name","string","NOT NULL","The name of the card category or type, such as 'Payment Cards' or 'Service Cards', used for organizing card functionalities.","None explicitly defined in DTO"
"Card","sub_cards","[]string","NOT NULL","An array of sub-card names or identifiers belonging to this card category, representing individual card options within the category.","None explicitly defined in DTO"
"CPSAction","id","bson.ObjectID","PK, auto-generated","The primary key serving as a unique, auto-generated MongoDB ObjectID identifier for each CPSAction record.","None explicitly defined in DTO"
"CPSAction","action_code","string","NOT NULL","A unique code identifier for this CPS action, used for tracking and referencing specific action instances.","None explicitly defined in DTO"
"CPSAction","unique_id","string","nullable","A unique identifier for the entity or record associated with this CPS action, linking the action to its target object.","None explicitly defined in DTO"
"CPSAction","maker_id","string","NOT NULL","The identifier of the maker who initiated this CPS action, part of the maker-checker approval workflow.","None explicitly defined in DTO"
"CPSAction","maker_name","string","NOT NULL","The full name of the maker who initiated this CPS action, used for display and audit purposes.","None explicitly defined in DTO"
"CPSAction","maker_phone_number","string","NOT NULL","The phone number of the maker who initiated this CPS action, used for contact and verification purposes.","None explicitly defined in DTO"
"CPSAction","checker_id","string","nullable","The identifier of the checker who approved or rejected this CPS action, part of the maker-checker approval workflow.","None explicitly defined in DTO"
"CPSAction","checker_name","string","nullable","The full name of the checker who processed this CPS action, used for display and audit purposes.","None explicitly defined in DTO"
"CPSAction","checker_phone_number","string","nullable","The phone number of the checker who processed this CPS action, used for contact and verification purposes.","None explicitly defined in DTO"
"CPSAction","department","string","NOT NULL","The department name or identifier where this CPS action was initiated, used for organizational tracking and reporting.","None explicitly defined in DTO"
"CPSAction","rejection_reason","string","nullable","A textual explanation for why this CPS action was rejected, providing feedback on the rejection decision.","None explicitly defined in DTO"
"CPSAction","previous_action","interface{}","nullable","A flexible field storing information about the previous state or action before this CPS action was initiated, used for audit trail purposes.","None explicitly defined in DTO"
"CPSAction","current_action","interface{}","nullable","A flexible field storing information about the current state or action being processed, used for tracking action details.","None explicitly defined in DTO"
"CPSAction","action_status","string","nullable","The current status of this CPS action, such as PENDING, APPROVED, or REJECTED, indicating the workflow state.","None explicitly defined in DTO"
"CPSAction","action_type","string","nullable","The type of CPS action being performed, such as CREATE, UPDATE, or DELETE, indicating the operation category.","None explicitly defined in DTO"
"CPSAction","is_deleted","bool","NOT NULL","Soft delete flag indicating whether this CPS action record has been marked for deletion.","None explicitly defined in DTO"
"CPSAction","request_action","string","NOT NULL","The specific action being requested in this CPS action, describing what operation is being performed.","None explicitly defined in DTO"
"CPSAction","created_at","time.Time","NOT NULL","Timestamp when this CPS action record was initially created in the system.","None explicitly defined in DTO"
"CPSAction","last_modified_at","time.Time","NOT NULL","Timestamp indicating the most recent modification to this CPS action record.","None explicitly defined in DTO"
"CPSAction","maker_action_time","time.Time","NOT NULL","Timestamp indicating when the maker performed their action, marking the initiation of the CPS workflow.","None explicitly defined in DTO"
"CPSAction","checker_action_time","*time.Time","nullable","Timestamp indicating when the checker performed their action, marking the approval or rejection of the CPS workflow.","None explicitly defined in DTO"
"CPSUser","id","bson.ObjectID","PK, auto-generated","The primary key serving as a unique, auto-generated MongoDB ObjectID identifier for each CPSUser record.","None explicitly defined in DTO"
"CPSUser","user_code","string","NOT NULL","A unique alphanumeric code assigned to the CPS user for identification purposes within the CPS system.","None explicitly defined in DTO"
"CPSUser","full_name","string","NOT NULL","The complete legal name of the CPS user, including first name, middle name, and last name.","required"
"CPSUser","role","string","NOT NULL","The role of the CPS user, such as 'maker' or 'checker', determining their responsibilities in the maker-checker approval workflow.","required, must be one of: maker, checker"
"CPSUser","department","bson.ObjectID","NOT NULL, FK to Department.id","Foreign key reference to the Department record to which this CPS user belongs, establishing organizational hierarchy.","required, must be valid ObjectID"
"CPSUser","gender","string","NOT NULL","The gender classification of the CPS user, typically MALE or FEMALE, used for demographic reporting.","required"
"CPSUser","phone_number","string","NOT NULL","The primary contact phone number for the CPS user, used for communication and authentication purposes.","required, must be valid phone format"
"CPSUser","email","string","NOT NULL","The email address associated with the CPS user's account, used for communication and account recovery.","required"
"CPSUser","username","string","NOT NULL","The unique username chosen by or assigned to the CPS user for login and account identification purposes.","required, no spaces, no special characters, length(1-100)"
"CPSUser","realm","string","NOT NULL","An enumeration indicating the organizational realm or domain to which the CPS user belongs.","None explicitly defined in DTO"
"CPSUser","permission_category","[]bson.ObjectID","NOT NULL","An array of permission category ObjectIDs assigned to this CPS user, defining their access permissions by category.","required, must be non-empty array of valid ObjectIDs"
"CPSUser","permission_group","[]bson.ObjectID","NOT NULL","An array of permission group ObjectIDs assigned to this CPS user, defining their access permissions by group.","required, must be non-empty array of valid ObjectIDs"
"CPSUser","password","types.Password","NOT NULL","The encrypted password structure containing salt, current password hash, password history, and password change timestamp.","None explicitly defined in DTO"
"CPSUser","password_disable","bool","nullable","Boolean flag indicating whether password authentication has been disabled for this CPS user account.","None explicitly defined in DTO"
"CPSUser","sync_disabled","bool","nullable","Boolean flag indicating whether synchronization with external systems has been disabled for this CPS user.","None explicitly defined in DTO"
"CPSUser","login_attempt_count","uint8","nullable","A counter tracking the number of consecutive failed login attempts, used for account security and potential lockout mechanisms.","None explicitly defined in DTO"
"CPSUser","last_login_attempt","time.Time","nullable","Timestamp of the most recent login attempt, whether successful or failed.","None explicitly defined in DTO"
"CPSUser","next_login_attempt","time.Time","nullable","Timestamp indicating when the next login attempt will be allowed after a series of failed attempts.","None explicitly defined in DTO"
"CPSUser","last_online_date","time.Time","nullable","The most recent date when the CPS user was active online in the application, used for activity tracking.","None explicitly defined in DTO"
"CPSUser","last_login","time.Time","nullable","Timestamp of the most recent successful login by the CPS user.","None explicitly defined in DTO"
"CPSUser","login_password","string","nullable","A temporary or legacy password field, typically used during password reset or migration processes.","None explicitly defined in DTO"
"CPSUser","account_authorization_code","string","nullable","An authorization code used for account access or special operations, providing an additional security layer.","None explicitly defined in DTO"
"CPSUser","unlock_account_requested","bool","nullable","Boolean flag indicating whether a request has been made to unlock this CPS user's account after it was locked.","None explicitly defined in DTO"
"CPSUser","password_changed_at","*time.Time","nullable","Timestamp indicating when the CPS user's password was last changed, used for password expiration and security policy enforcement.","None explicitly defined in DTO"
"CPSUser","otp_status","string","nullable","The current status of OTP verification for this CPS user, such as PENDING, VERIFIED, or EXPIRED.","None explicitly defined in DTO"
"CPSUser","otp_last_tried_at","*time.Time","nullable","Timestamp of the most recent OTP verification attempt, whether successful or failed.","None explicitly defined in DTO"
"CPSUser","otp_last_verified_at","*time.Time","nullable","Timestamp of the most recent successful OTP verification.","None explicitly defined in DTO"
"CPSUser","otp_verify_count","int","nullable","A counter tracking the number of OTP verification attempts, used for rate limiting and security policy enforcement.","None explicitly defined in DTO"
"CPSUser","is_first_time_login","bool","NOT NULL","Boolean flag indicating whether this is the CPS user's first login, used for onboarding workflow tracking.","None explicitly defined in DTO"
"CPSUser","enabled","bool","NOT NULL","Boolean flag indicating whether the CPS user account is currently enabled and active in the system.","None explicitly defined in DTO"
"CPSUser","is_deleted","bool","NOT NULL","Soft delete flag indicating whether this CPS user record has been marked for deletion.","None explicitly defined in DTO"
"CPSUser","date_joined","*time.Time","nullable","Timestamp indicating when the CPS user joined or was registered in the system.","None explicitly defined in DTO"
"CPSUser","last_modified","*time.Time","nullable","Timestamp indicating the most recent modification to this CPS user record.","None explicitly defined in DTO"
"CPSUser","country","string","nullable","The country where the CPS user is located, typically represented as a two-letter ISO country code or full country name.","None explicitly defined in DTO"
"CPSUser","region","string","nullable","The region or state where the CPS user is located, providing geographical context for organizational hierarchy.","None explicitly defined in DTO"
"CustomerKYC","id","bson.ObjectID","PK, auto-generated","The primary key serving as a unique, auto-generated MongoDB ObjectID identifier for each CustomerKYC record.","None explicitly defined in DTO"
"CustomerKYC","user_id","string","NOT NULL, FK to User.id","Foreign key reference to the User record for whom this KYC verification is being performed, establishing the relationship between users and their KYC data.","None explicitly defined in DTO"
"CustomerKYC","kyc_data","types.KYCData","NOT NULL","A comprehensive structure containing all KYC verification data including personal information, identification documents, address, and vendor information.","None explicitly defined in DTO"
"CustomerKYC","kyc_reject_reason_failed","map[string]struct{}","NOT NULL","A map structure containing field-level rejection reasons for KYC verification failures, providing detailed feedback on which specific fields failed validation.","None explicitly defined in DTO"
"CustomerKYC","kyc_status","constants.KYCStatus","NOT NULL","An enumeration indicating the current KYC verification status: PENDING, APPROVED, or REJECTED, determining account access levels.","None explicitly defined in DTO"
"CustomerKYC","kyc_reject_reason","string","NOT NULL","A textual description explaining why the KYC verification was rejected, providing actionable feedback for users to address verification issues.","None explicitly defined in DTO"
"CustomerKYC","kyc_approved","bool","NOT NULL","Boolean flag indicating whether the KYC verification process has been successfully completed and approved for this customer.","None explicitly defined in DTO"
"CustomerKYC","kyc_activity_by","any","NOT NULL","The identifier or reference to the user or system that performed the KYC activity, used for audit trail and accountability purposes.","None explicitly defined in DTO"
"CustomerKYC","kyc_level","uint8","NOT NULL","A numeric level indicating the depth of KYC verification completed, with higher levels typically requiring more comprehensive identity documentation.","None explicitly defined in DTO"
"CustomerKYC","enabled","bool","NOT NULL","Boolean flag indicating whether this KYC record is currently enabled and active in the system.","None explicitly defined in DTO"
"CustomerKYC","is_deleted","bool","NOT NULL","Soft delete flag indicating whether this KYC record has been marked for deletion.","None explicitly defined in DTO"
"CustomerKYC","created_at","time.Time","NOT NULL","Timestamp when this KYC record was initially created in the system.","None explicitly defined in DTO"
"CustomerKYC","last_modified_at","time.Time","NOT NULL","Timestamp indicating the most recent modification to this KYC record.","None explicitly defined in DTO"
"CustomerKYC","deleted_at","time.Time","NOT NULL","Timestamp indicating when this KYC record was soft-deleted, providing an audit trail for data lifecycle management.","None explicitly defined in DTO"
"Department","id","bson.ObjectID","PK, auto-generated","The primary key serving as a unique, auto-generated MongoDB ObjectID identifier for each Department record.","None explicitly defined in DTO"
"Department","department_code","string","NOT NULL","The unique code identifier for the department, used for internal referencing and organizational hierarchy.","None explicitly defined in DTO"
"Department","department","string","NOT NULL","The full name of the department, providing human-readable identification for organizational units.","None explicitly defined in DTO"
"Department","portal_cards","[]string","NOT NULL","An array of portal card identifiers or names associated with this department, defining which portal cards are accessible to department members.","None explicitly defined in DTO"
"Department","enabled","bool","NOT NULL","Boolean flag indicating whether this department is currently enabled and active in the system.","None explicitly defined in DTO"
"Department","is_deleted","bool","NOT NULL","Soft delete flag indicating whether this department record has been marked for deletion.","None explicitly defined in DTO"
"Department","created_at","time.Time","NOT NULL","Timestamp when this department record was initially created in the system.","None explicitly defined in DTO"
"Department","last_modified","time.Time","NOT NULL","Timestamp indicating the most recent modification to this department record.","None explicitly defined in DTO"
"DeviceLinkHistroy","id","bson.ObjectID","PK, auto-generated","The primary key serving as a unique, auto-generated MongoDB ObjectID identifier for each DeviceLinkHistroy record.","None explicitly defined in DTO"
"DeviceLinkHistroy","user_id","bson.ObjectID","NOT NULL, FK to User.id","Foreign key reference to the User record who owns this device linkage history, establishing the relationship between users and their device history.","None explicitly defined in DTO"
"DeviceLinkHistroy","device_type","constants.Platform","NOT NULL","An enumeration indicating the mobile platform type: ANDROID or IOS, used for platform-specific device tracking.","None explicitly defined in DTO"
"DeviceLinkHistroy","device_uuid","string","NOT NULL","The unique device identifier (UUID) of the mobile device, used for device-based authentication and security tracking.","None explicitly defined in DTO"
"DeviceLinkHistroy","device_name","string","NOT NULL","The human-readable name of the device, such as 'John's iPhone' or 'Samsung Galaxy', used for device identification in user interfaces.","None explicitly defined in DTO"
"DeviceLinkHistroy","device_os_version","string","NOT NULL","The operating system version installed on the device, such as 'iOS 15.0' or 'Android 12', used for compatibility checking.","None explicitly defined in DTO"
"DeviceLinkHistroy","linked_at","time.Time","NOT NULL","Timestamp indicating when this device was linked to the user's account, marking the beginning of the device linkage relationship.","None explicitly defined in DTO"
"DeviceLinkHistroy","unlinked_at","time.Time","NOT NULL","Timestamp indicating when this device was unlinked from the user's account, marking the end of the device linkage relationship.","None explicitly defined in DTO"
"DeviceVersionControl","id","bson.ObjectID","PK, auto-generated","The primary key serving as a unique, auto-generated MongoDB ObjectID identifier for each DeviceVersionControl record.","None explicitly defined in DTO"
"DeviceVersionControl","latest_version","string","NOT NULL","The latest version number of the mobile application available for this platform, used for version checking and update notifications.","None explicitly defined in DTO"
"DeviceVersionControl","platform","string","NOT NULL","The mobile platform type, such as 'ANDROID' or 'IOS', determining which platform this version control applies to.","None explicitly defined in DTO"
"DeviceVersionControl","created_by","string","NOT NULL","The identifier of the user or system that created this version control record, used for audit and accountability purposes.","None explicitly defined in DTO"
"DeviceVersionControl","created_at","time.Time","nullable","Timestamp when this version control record was initially created in the system.","None explicitly defined in DTO"
"DeviceVersionControl","updated_by","string","NOT NULL","The identifier of the user or system that last modified this version control record, used for audit and accountability purposes.","None explicitly defined in DTO"
"DeviceVersionControl","updated_at","time.Time","nullable","Timestamp indicating the most recent modification to this version control record.","None explicitly defined in DTO"
"DeviceVersionControl","force_update","bool","NOT NULL","Boolean flag indicating whether users are required to update to this version, forcing mandatory app updates for security or compatibility reasons.","None explicitly defined in DTO"
"DeviceVersionControl","release_notes","string","NOT NULL","A textual description of the changes, features, and fixes included in this version, displayed to users when updating the application.","None explicitly defined in DTO"
"DeviceVersionControl","enabled","bool","NOT NULL","Boolean flag indicating whether this version control record is currently enabled and active in the system.","None explicitly defined in DTO"
"DeviceVersionControl","last_modified_at","time.Time","nullable","Timestamp indicating the most recent modification to this version control record.","None explicitly defined in DTO"
"Donation","id","bson.ObjectID","PK, auto-generated","The primary key serving as a unique, auto-generated MongoDB ObjectID identifier for each Donation record.","None explicitly defined in DTO"
"Donation","donation_code","string","NOT NULL","A unique code identifier for this donation campaign, used for tracking and referencing specific donation initiatives.","None explicitly defined in DTO"
"Donation","company_id","bson.ObjectID","NOT NULL, FK to DonationCompany.id","Foreign key reference to the DonationCompany record organizing this donation campaign, establishing the relationship between companies and their donation initiatives.","None explicitly defined in DTO"
"Donation","category_id","bson.ObjectID","NOT NULL, FK to DonationCategory.id","Foreign key reference to the DonationCategory record classifying this donation, such as 'Education', 'Healthcare', or 'Disaster Relief'.","None explicitly defined in DTO"
"Donation","title","string","NOT NULL","The title or name of the donation campaign, providing a concise summary of the fundraising initiative displayed to users.","None explicitly defined in DTO"
"Donation","is_featured","bool","NOT NULL","Boolean flag indicating whether this donation campaign is featured and prominently displayed in the application interface.","None explicitly defined in DTO"
"Donation","target","int32","NOT NULL","The target fundraising amount for this donation campaign in the smallest currency unit, representing the goal to be achieved.","None explicitly defined in DTO"
"Donation","current_amount","int32","NOT NULL","The current amount raised for this donation campaign in the smallest currency unit, tracking progress toward the target goal.","None explicitly defined in DTO"
"Donation","donation_description","string","NOT NULL","A detailed description of the donation campaign, explaining its purpose, beneficiaries, and impact, providing comprehensive information to potential donors.","None explicitly defined in DTO"
"Donation","donation_images","[]types.DonationImage","NOT NULL","An array of donation image objects, each containing an image URL and creation timestamp, used for visual presentation of the campaign.","None explicitly defined in DTO"
"Donation","cover_image","string","nullable","The file path or URL reference to the cover image for this donation campaign, used as the primary visual representation in listings and detail pages.","None explicitly defined in DTO"
"Donation","end_date","time.Time","NOT NULL","The date and time when this donation campaign ends, after which no further donations will be accepted.","None explicitly defined in DTO"
"Donation","start_date","time.Time","NOT NULL","The date and time when this donation campaign starts, marking when donations begin to be accepted.","None explicitly defined in DTO"
"Donation","is_deleted","bool","NOT NULL","Soft delete flag indicating whether this donation record has been marked for deletion.","None explicitly defined in DTO"
"Donation","created_at","time.Time","NOT NULL","Timestamp when this donation record was initially created in the system.","None explicitly defined in DTO"
"Donation","last_modified_at","time.Time","NOT NULL","Timestamp indicating the most recent modification to this donation record.","None explicitly defined in DTO"
"Donation","enabled","bool","NOT NULL","Boolean flag indicating whether this donation campaign is currently enabled and visible to users in the application interface.","None explicitly defined in DTO"
"DonationCategory","id","bson.ObjectID","PK, auto-generated","The primary key serving as a unique, auto-generated MongoDB ObjectID identifier for each DonationCategory record.","None explicitly defined in DTO"
"DonationCategory","category_name","string","NOT NULL","The human-readable name of the donation category, such as 'Education', 'Healthcare', 'Disaster Relief', or 'Environmental', used for organizing donation campaigns.","None explicitly defined in DTO"
"DonationCategory","donation_icon","string","NOT NULL","The file path or identifier for the icon image associated with this donation category, used for visual identification in the user interface.","None explicitly defined in DTO"
"DonationCategory","is_deleted","bool","NOT NULL","Soft delete flag indicating whether this donation category record has been marked for deletion.","None explicitly defined in DTO"
"DonationCategory","created_at","time.Time","NOT NULL","Timestamp when this donation category record was initially created in the system.","None explicitly defined in DTO"
"DonationCategory","last_modified_at","time.Time","NOT NULL","Timestamp indicating the most recent modification to this donation category record.","None explicitly defined in DTO"
"DonationCategory","enabled","bool","NOT NULL","Boolean flag indicating whether this donation category is currently enabled and available for use in the application.","None explicitly defined in DTO"
"DonationCompany","id","bson.ObjectID","PK, auto-generated","The primary key serving as a unique, auto-generated MongoDB ObjectID identifier for each DonationCompany record.","None explicitly defined in DTO"
"DonationCompany","company_name","string","NOT NULL","The full legal name of the donation company or organization, used for identification and display purposes.","None explicitly defined in DTO"
"DonationCompany","company_logo","string","NOT NULL","The file path or URL reference to the company's logo image, used for visual branding in the application interface.","None explicitly defined in DTO"
"DonationCompany","account_number","string","NOT NULL","The bank account number where donations for this company's campaigns will be deposited, used for financial transaction processing.","None explicitly defined in DTO"
"DonationCompany","account_holder_name","string","NOT NULL","The name of the account holder for the donation company's bank account, ensuring proper account ownership verification.","None explicitly defined in DTO"
"DonationCompany","address","string","NOT NULL","The physical address of the donation company's headquarters or main office, used for contact and verification purposes.","None explicitly defined in DTO"
"DonationCompany","phone_number","string","NOT NULL","The primary contact phone number for the donation company, used for communication and verification purposes.","None explicitly defined in DTO"
"DonationCompany","email","string","NOT NULL","The primary contact email address for the donation company, used for communication and account recovery.","None explicitly defined in DTO"
"DonationCompany","enabled","bool","NOT NULL","Boolean flag indicating whether this donation company is currently enabled and active in the system.","None explicitly defined in DTO"
"DonationCompany","is_deleted","bool","NOT NULL","Soft delete flag indicating whether this donation company record has been marked for deletion.","None explicitly defined in DTO"
"DonationCompany","created_at","time.Time","NOT NULL","Timestamp when this donation company record was initially created in the system.","None explicitly defined in DTO"
"DonationCompany","last_modified_at","time.Time","NOT NULL","Timestamp indicating the most recent modification to this donation company record.","None explicitly defined in DTO"
"Event","id","bson.ObjectID","PK, auto-generated","The primary key serving as a unique, auto-generated MongoDB ObjectID identifier for each Event record.","None explicitly defined in DTO"
"Event","event_code","string","NOT NULL","A unique code identifier for this event, used for tracking and referencing specific event instances.","None explicitly defined in DTO"
"Event","event_name","string","NOT NULL","The full name or title of the event, providing a concise summary of the event displayed to users.","None explicitly defined in DTO"
"Event","event_city","string","NOT NULL","The city where this event is taking place, providing location context for event attendees.","None explicitly defined in DTO"
"Event","account_number","string","NOT NULL","The bank account number associated with this event for ticket sales and payment processing.","None explicitly defined in DTO"
"Event","event_venue","string","NOT NULL","The specific venue or location name where the event is being held, such as a stadium, conference center, or theater name.","None explicitly defined in DTO"
"Event","refund_policy","[]string","NOT NULL","An array of strings describing the refund policy for this event, outlining terms and conditions for ticket refunds.","None explicitly defined in DTO"
"Event","mics_info","[]string","NOT NULL","An array of strings containing miscellaneous information about the event, such as special instructions, requirements, or additional details.","None explicitly defined in DTO"
"Event","restriction","types.Restriction","NOT NULL","A structure containing restriction information for the event, including restriction type and description, used for access control and eligibility verification.","None explicitly defined in DTO"
"Event","ticket","[]types.Ticket","NOT NULL","An array of ticket structures, each containing ticket name, category, type, price, and number of tickets available, defining the ticket options for this event.","None explicitly defined in DTO"
"Event","status","constants.EventStatus","NOT NULL","An enumeration indicating the current status of the event, such as UPCOMING, ONGOING, COMPLETED, or CANCELLED, determining event visibility and ticket availability.","None explicitly defined in DTO"
"Event","event_information","types.EventInformation","NOT NULL","A structure containing comprehensive event information including start date, due date, description, cover image, and video link, providing detailed event details to users.","None explicitly defined in DTO"
"Event","ticket_statistics","types.TicketStatistics","NOT NULL","A structure containing ticket sales statistics including category, revenue, and number of sold tickets, used for reporting and analytics.","None explicitly defined in DTO"
"Event","ticket_information","types.TicketInformation","NOT NULL","A structure containing overall ticket information including total number of tickets, available tickets, and unsold tickets, providing ticket availability overview.","None explicitly defined in DTO"
"Event","merchant_information","types.MerchantInformation","NOT NULL","A structure containing merchant details including merchant ID, name, phone number, and email, identifying the event organizer or merchant.","None explicitly defined in DTO"
"Event","enabled","bool","NOT NULL","Boolean flag indicating whether this event is currently enabled and visible to users in the application interface.","None explicitly defined in DTO"
"Event","is_deleted","bool","NOT NULL","Soft delete flag indicating whether this event record has been marked for deletion.","None explicitly defined in DTO"
"Event","has_restriction","bool","NOT NULL","Boolean flag indicating whether this event has any restrictions applied, such as age restrictions or access limitations.","None explicitly defined in DTO"
"Event","created_at","time.Time","NOT NULL","Timestamp when this event record was initially created in the system.","None explicitly defined in DTO"
"Event","deleted_at","time.Time","NOT NULL","Timestamp indicating when this event record was soft-deleted, providing an audit trail for data lifecycle management.","None explicitly defined in DTO"
"Event","last_modified_at","time.Time","NOT NULL","Timestamp indicating the most recent modification to this event record.","None explicitly defined in DTO"
"Feedback","id","bson.ObjectID","PK, auto-generated","The primary key serving as a unique, auto-generated MongoDB ObjectID identifier for each Feedback record.","None explicitly defined in DTO"
"Feedback","user_id","string","NOT NULL, FK to User.id","Foreign key reference to the User record who submitted this feedback, establishing the relationship between users and their feedback submissions.","None explicitly defined in DTO"
"Feedback","responses","map[string]types.Response","NOT NULL","A map structure where keys are question identifiers and values are Response objects containing question, answer, type, and options, storing all feedback responses from the user.","None explicitly defined in DTO"
"Feedback","created_at","time.Time","NOT NULL","Timestamp when this feedback record was initially created in the system.","None explicitly defined in DTO"
"Feedback","updated_at","time.Time","NOT NULL","Timestamp indicating the most recent modification to this feedback record.","None explicitly defined in DTO"
"HQ","id","bson.ObjectID","PK, auto-generated","The primary key serving as a unique, auto-generated MongoDB ObjectID identifier for each HQ record, representing headquarters-level system configuration.","None explicitly defined in DTO"
"HQ","unique_id","string","NOT NULL","A unique identifier for this HQ configuration record, used for system-wide configuration management.","None explicitly defined in DTO"
"HQ","latest_ios_version","string","NOT NULL","The latest version number of the iOS mobile application, used for version checking and update notifications for iOS users.","None explicitly defined in DTO"
"HQ","latest_android_version","string","NOT NULL","The latest version number of the Android mobile application, used for version checking and update notifications for Android users.","None explicitly defined in DTO"
"HQ","archive_expiry","uint32","NOT NULL","The number of days after which user accounts will be automatically archived, defining the archive expiration policy in days.","None explicitly defined in DTO"
"HQ","block_time","uint32","NOT NULL","The duration in minutes for which user accounts will be blocked after exceeding failed login attempts, implementing account lockout policy.","None explicitly defined in DTO"
"HQ","block_time_status","string","NOT NULL","The current status of the block time configuration, such as ACTIVE or INACTIVE, controlling whether the block time policy is enforced.","None explicitly defined in DTO"
"HQ","archive_time","uint32","NOT NULL","The duration in days after which inactive accounts will be archived, defining the archive time policy.","None explicitly defined in DTO"
"HQ","archive_time_status","string","NOT NULL","The current status of the archive time configuration, such as ACTIVE or INACTIVE, controlling whether the archive time policy is enforced.","None explicitly defined in DTO"
"HQ","password_expiry","uint32","NOT NULL","The number of days after which user passwords will expire and require renewal, defining the password expiration policy.","None explicitly defined in DTO"
"HQ","created_at_password_expiry","time.Time","NOT NULL","Timestamp when the password expiry configuration was initially set, used for tracking policy changes.","None explicitly defined in DTO"
"HQ","updated_at_password_expiry","time.Time","NOT NULL","Timestamp indicating the most recent modification to the password expiry configuration.","None explicitly defined in DTO"
"HQ","created_at_block","time.Time","NOT NULL","Timestamp when the block time configuration was initially set, used for tracking policy changes.","None explicitly defined in DTO"
"HQ","updated_at_block","time.Time","NOT NULL","Timestamp indicating the most recent modification to the block time configuration.","None explicitly defined in DTO"
"HQ","created_at_archive","time.Time","NOT NULL","Timestamp when the archive time configuration was initially set, used for tracking policy changes.","None explicitly defined in DTO"
"HQ","updated_at_archive","time.Time","NOT NULL","Timestamp indicating the most recent modification to the archive time configuration.","None explicitly defined in DTO"
"HQ","total_cap","uint64","NOT NULL","The total transfer cap limit for the system, representing the maximum cumulative transfer amount allowed across all users, used for system-wide financial controls.","None explicitly defined in DTO"
"HQ","created_at_total_cap","time.Time","NOT NULL","Timestamp when the total cap configuration was initially set, used for tracking policy changes.","None explicitly defined in DTO"
"HQ","updated_at_total_cap","time.Time","NOT NULL","Timestamp indicating the most recent modification to the total cap configuration.","None explicitly defined in DTO"
"HQ","enabled","bool","NOT NULL","Boolean flag indicating whether this HQ configuration is currently enabled and active in the system.","None explicitly defined in DTO"
"HQ","is_deleted","bool","NOT NULL","Soft delete flag indicating whether this HQ record has been marked for deletion.","None explicitly defined in DTO"
"HQ","created_at","time.Time","NOT NULL","Timestamp when this HQ record was initially created in the system.","None explicitly defined in DTO"
"HQ","last_modified","time.Time","NOT NULL","Timestamp indicating the most recent modification to this HQ record.","None explicitly defined in DTO"
"Icon","id","bson.ObjectID","PK, auto-generated","The primary key serving as a unique, auto-generated MongoDB ObjectID identifier for each Icon record.","None explicitly defined in DTO"
"Icon","icon","string","NOT NULL","The file path or identifier for the icon image file, used for visual representation in various parts of the application interface.","None explicitly defined in DTO"
"Icon","enabled","bool","NOT NULL","Boolean flag indicating whether this icon is currently enabled and available for use in the application.","None explicitly defined in DTO"
"Icon","is_deleted","bool","NOT NULL","Soft delete flag indicating whether this icon record has been marked for deletion.","None explicitly defined in DTO"
"Icon","created_at","time.Time","NOT NULL","Timestamp when this icon record was initially created in the system.","None explicitly defined in DTO"
"Icon","last_modified","time.Time","NOT NULL","Timestamp indicating the most recent modification to this icon record.","None explicitly defined in DTO"
"LinkedAccount","id","bson.ObjectID","PK, auto-generated","The primary key serving as a unique, auto-generated MongoDB ObjectID identifier for each LinkedAccount record.","None explicitly defined in DTO"
"LinkedAccount","user_id","bson.ObjectID","NOT NULL, FK to User.id","Foreign key reference to the User record who owns this linked account, establishing the relationship between users and their account linkages.","None explicitly defined in DTO"
"LinkedAccount","customer_number","string","NOT NULL","The Customer Information File (CIF) number associated with this linked account, serving as a unique identifier for the customer in the banking system.","None explicitly defined in DTO"
"LinkedAccount","account_number","string","NOT NULL","The unique bank account number associated with this linked account, used for transaction processing and account identification.","None explicitly defined in DTO"
"LinkedAccount","account_holder_name","string","NOT NULL","The full legal name of the account holder as registered in the banking system, ensuring proper account ownership verification.","None explicitly defined in DTO"
"LinkedAccount","account_type","string","NOT NULL","The classification of the bank account type, such as savings, checking, or current account, determining account features and restrictions.","None explicitly defined in DTO"
"LinkedAccount","branch_code","string","NOT NULL","The unique code identifying the bank branch where this account was originally opened or linked, used for branch-level operations and reporting.","None explicitly defined in DTO"
"LinkedAccount","linked_status","bool","NOT NULL","Boolean flag indicating the current linkage status of this account, showing whether it is currently linked to the user's profile.","None explicitly defined in DTO"
"LinkedAccount","last_linked_status","bool","NOT NULL","The previous linkage status of this account, providing historical context for account state transitions.","None explicitly defined in DTO"
"LinkedAccount","linked_at","time.Time","NOT NULL","Timestamp indicating when this account was linked to the user's profile in the application.","None explicitly defined in DTO"
"LinkedAccount","linker_branch","string","NOT NULL","The branch code or identifier of the branch that performed the account linking operation, used for audit and operational tracking.","None explicitly defined in DTO"
"LinkedAccount","registration_type","constants.RegistrationType","NOT NULL","An enumeration indicating the method by which the account was registered or linked, such as self-registration or branch-assisted registration.","None explicitly defined in DTO"
"LinkedAccount","is_account_active","bool","NOT NULL","Boolean flag indicating whether the underlying bank account is currently active and operational in the core banking system.","None explicitly defined in DTO"
"LinkedAccount","and_or_status","bool","NOT NULL","Boolean flag indicating the logical relationship (AND/OR) for multi-account scenarios, determining how multiple accounts interact in transaction processing.","None explicitly defined in DTO"
"LinkedAccount","account_branch_code","string","NOT NULL","The branch code associated with the account itself, which may differ from the linking branch code in certain scenarios.","None explicitly defined in DTO"
"LinkedAccount","currency","string","NOT NULL","The three-letter ISO 4217 currency code for this account, such as ETB for Ethiopian Birr, determining the account's monetary denomination.","None explicitly defined in DTO"
"LinkedAccount","is_main","bool","NOT NULL, default: false","Boolean flag indicating whether this is the primary or main account for the user, with the first linked account typically set to true by default.","None explicitly defined in DTO"
"LinkedAccount","maker_and_checker_linkers_maker","string","NOT NULL","The user identifier of the maker who initiated the account linking process, part of the maker-checker approval workflow.","None explicitly defined in DTO"
"LinkedAccount","maker_and_checker_linkers_checker","string","NOT NULL","The user identifier of the checker who approved the account linking process, part of the maker-checker approval workflow.","None explicitly defined in DTO"
"LinkedAccount","maker_and_checker_unlinkers_maker","string","nullable","The user identifier of the maker who initiated the account unlinking process, if applicable, part of the maker-checker approval workflow.","None explicitly defined in DTO"
"LinkedAccount","maker_and_checker_unlinkers_checker","string","nullable","The user identifier of the checker who approved the account unlinking process, if applicable, part of the maker-checker approval workflow.","None explicitly defined in DTO"
"LinkedAccount","created_at","time.Time","NOT NULL","Timestamp when this linked account record was created, automatically set upon account linking.","None explicitly defined in DTO"
"LinkedAccount","updated_at","time.Time","NOT NULL","Timestamp indicating the most recent modification to this linked account record, automatically updated on each change.","None explicitly defined in DTO"
"MiniApp","id","bson.ObjectID","PK, auto-generated","The primary key serving as a unique, auto-generated MongoDB ObjectID identifier for each MiniApp record.","None explicitly defined in DTO"
"MiniApp","app_name","string","NOT NULL","The name of the mini application, providing a concise identifier for the mini app displayed to users.","None explicitly defined in DTO"
"MiniApp","app_icon","string","NOT NULL","The file path or URL reference to the mini app's icon image, used for visual identification in the application interface.","None explicitly defined in DTO"
"MiniApp","banner_image","string","NOT NULL","The file path or URL reference to the banner image for the mini app, used for promotional display in the application interface.","None explicitly defined in DTO"
"MiniApp","commison_gl_account","string","nullable","The General Ledger account number used for commission tracking and accounting for this mini app's transactions.","None explicitly defined in DTO"
"MiniApp","app_type","constants.AppType","NOT NULL","An enumeration indicating the type of mini application, determining its functionality and integration method.","None explicitly defined in DTO"
"MiniApp","merchant_id","string","NOT NULL","The identifier of the merchant associated with this mini app, linking the app to its merchant organization.","None explicitly defined in DTO"
"MiniApp","product_code","[]types.ProductCode","NOT NULL","An array of product code structures, each containing branch type, product code, VAT code, and service fee code, defining the product codes used for this mini app's transactions.","None explicitly defined in DTO"
"MiniApp","credential","types.CredentialInformation","nullable","A structure containing credential information for the mini app, including environment, merchant app ID, fabric app ID, short code, app secret, and keys, used for API authentication and integration.","None explicitly defined in DTO"
"MiniApp","url","string","nullable","The URL or endpoint for accessing the mini app, used for navigation and integration purposes.","None explicitly defined in DTO"
"MiniApp","app_view_type","constants.AppViewType","NOT NULL","An enumeration indicating how the mini app should be displayed in the application interface, such as embedded or external.","None explicitly defined in DTO"
"MiniApp","stage","constants.Stage","NOT NULL","An enumeration indicating the deployment stage of the mini app, such as DEVELOPMENT, STAGING, or PRODUCTION.","None explicitly defined in DTO"
"MiniApp","is_event_mini_app","bool","NOT NULL","Boolean flag indicating whether this mini app is specifically designed for event management and ticketing functionality.","None explicitly defined in DTO"
"MiniApp","is_three_click","bool","NOT NULL","Boolean flag indicating whether this mini app requires a three-click access pattern, implementing a specific user interaction flow.","None explicitly defined in DTO"
"MiniApp","enabled","bool","NOT NULL","Boolean flag indicating whether this mini app is currently enabled and visible to users in the application interface.","None explicitly defined in DTO"
"MiniApp","is_deleted","bool","NOT NULL","Soft delete flag indicating whether this mini app record has been marked for deletion.","None explicitly defined in DTO"
"MiniApp","created_at","time.Time","NOT NULL","Timestamp when this mini app record was initially created in the system.","None explicitly defined in DTO"
"MiniApp","last_modified_at","time.Time","NOT NULL","Timestamp indicating the most recent modification to this mini app record.","None explicitly defined in DTO"
"MiniApp","deleted_at","time.Time","NOT NULL","Timestamp indicating when this mini app record was soft-deleted, providing an audit trail for data lifecycle management.","None explicitly defined in DTO"
"MiniAppMerchant","id","bson.ObjectID","PK, auto-generated","The primary key serving as a unique, auto-generated MongoDB ObjectID identifier for each MiniAppMerchant record.","None explicitly defined in DTO"
"MiniAppMerchant","merchant_code","string","NOT NULL","A unique code identifier for the mini app merchant, used for tracking and referencing specific merchant organizations.","None explicitly defined in DTO"
"MiniAppMerchant","merchant_name","string","NOT NULL","The full legal name of the mini app merchant organization, used for identification and display purposes.","None explicitly defined in DTO"
"MiniAppMerchant","merchant_type","string","NOT NULL","The type or category of the merchant, such as 'Retail', 'Service', or 'Event Organizer', classifying the merchant's business nature.","None explicitly defined in DTO"
"MiniAppMerchant","kyc_status","KYCStatus","NOT NULL","An enumeration indicating the KYC verification status of the merchant: PENDING, APPROVED, COMPLETE, or REJECTED, determining merchant account access.","None explicitly defined in DTO"
"MiniAppMerchant","kyc_representative_name","string","NOT NULL","The name of the merchant's authorized representative who completed the KYC verification process.","None explicitly defined in DTO"
"MiniAppMerchant","kyc_representative_email","string","NOT NULL","The email address of the merchant's authorized representative, used for KYC verification and communication.","None explicitly defined in DTO"
"MiniAppMerchant","kyc_representative_phone","string","NOT NULL","The phone number of the merchant's authorized representative, used for KYC verification and communication.","None explicitly defined in DTO"
"MiniAppMerchant","bank_account_number","string","NOT NULL","The bank account number where payments for this merchant's mini app transactions will be deposited, used for financial settlement.","None explicitly defined in DTO"
"MiniAppMerchant","branches","[]BranchInformation","NOT NULL","An array of branch information structures, each containing branch code, name, address, owner, and account number, defining the merchant's operational branches.","None explicitly defined in DTO"
"MiniAppMerchant","email","string","NOT NULL","The primary contact email address for the mini app merchant, used for communication and account management.","None explicitly defined in DTO"
"MiniAppMerchant","phone_number","string","NOT NULL","The primary contact phone number for the mini app merchant, used for communication and verification purposes.","None explicitly defined in DTO"
"MiniAppMerchant","enabled","bool","NOT NULL","Boolean flag indicating whether this mini app merchant is currently enabled and active in the system.","None explicitly defined in DTO"
"MiniAppMerchant","is_deleted","bool","NOT NULL","Soft delete flag indicating whether this mini app merchant record has been marked for deletion.","None explicitly defined in DTO"
"MiniAppMerchant","created_at","time.Time","NOT NULL","Timestamp when this mini app merchant record was initially created in the system.","None explicitly defined in DTO"
"MiniAppMerchant","last_modified","time.Time","NOT NULL","Timestamp indicating the most recent modification to this mini app merchant record.","None explicitly defined in DTO"
"MiniAppMerchant","deleted_at","time.Time","NOT NULL","Timestamp indicating when this mini app merchant record was soft-deleted, providing an audit trail for data lifecycle management.","None explicitly defined in DTO"
"NewsArticle","id","bson.ObjectID","PK, auto-generated","The primary key serving as a unique, auto-generated MongoDB ObjectID identifier for each NewsArticle record.","None explicitly defined in DTO"
"NewsArticle","category_id","bson.ObjectID","NOT NULL, FK to NewsCategory.id","Foreign key reference to the NewsCategory record classifying this article, establishing the relationship between articles and their categories.","None explicitly defined in DTO"
"NewsArticle","title","string","NOT NULL","The title or headline of the news article, providing a concise summary of the article content displayed to users.","None explicitly defined in DTO"
"NewsArticle","content","string","NOT NULL","The full text content of the news article, containing the complete article body and detailed information.","None explicitly defined in DTO"
"NewsArticle","tags","[]bson.ObjectID","NOT NULL, FK to NewsTag.id","An array of NewsTag ObjectIDs associated with this article, used for categorization and search functionality.","None explicitly defined in DTO"
"NewsArticle","author","string","NOT NULL","The name or identifier of the author who wrote this news article, used for attribution and content management.","None explicitly defined in DTO"
"NewsArticle","thumbnail","string","NOT NULL","The file path or URL reference to the thumbnail image for this article, used for visual representation in article listings.","None explicitly defined in DTO"
"NewsArticle","thumbnail_alt_text","string","NOT NULL","Alternative text description for the thumbnail image, used for accessibility and SEO purposes.","None explicitly defined in DTO"
"NewsArticle","is_published","bool","NOT NULL","Boolean flag indicating whether this article is currently published and visible to users in the application interface.","None explicitly defined in DTO"
"NewsArticle","published_at","*time.Time","nullable","Timestamp indicating when this article was published, marking when it became visible to users.","None explicitly defined in DTO"
"NewsArticle","views","int","NOT NULL","A counter tracking the number of times this article has been viewed by users, used for analytics and popularity metrics.","None explicitly defined in DTO"
"NewsArticle","copy_link_counter","int","NOT NULL","A counter tracking the number of times users have copied the link to this article, used for engagement analytics.","None explicitly defined in DTO"
"NewsArticle","slug","string","NOT NULL","A URL-friendly identifier for the article, typically derived from the title for use in web interfaces and SEO.","None explicitly defined in DTO"
"NewsArticle","created_at","time.Time","NOT NULL","Timestamp when this news article record was initially created in the system.","None explicitly defined in DTO"
"NewsArticle","updated_at","time.Time","NOT NULL","Timestamp indicating the most recent modification to this news article record.","None explicitly defined in DTO"
"NewsArticle","is_deleted","bool","NOT NULL","Soft delete flag indicating whether this news article record has been marked for deletion.","None explicitly defined in DTO"
"NewsArticle","deleted_at","*time.Time","nullable","Timestamp indicating when this news article record was soft-deleted, providing an audit trail for data lifecycle management.","None explicitly defined in DTO"
"NewsCategory","id","bson.ObjectID","PK, auto-generated","The primary key serving as a unique, auto-generated MongoDB ObjectID identifier for each NewsCategory record.","None explicitly defined in DTO"
"NewsCategory","category_name","string","NOT NULL","The human-readable name of the news category, such as 'Business', 'Technology', or 'Sports', used for organizing news articles.","None explicitly defined in DTO"
"NewsCategory","is_deleted","bool","NOT NULL","Soft delete flag indicating whether this news category record has been marked for deletion.","None explicitly defined in DTO"
"NewsCategory","created_at","time.Time","nullable","Timestamp when this news category record was initially created in the system.","None explicitly defined in DTO"
"NewsCategory","deleted_at","time.Time","nullable","Timestamp indicating when this news category record was soft-deleted, providing an audit trail for data lifecycle management.","None explicitly defined in DTO"
"NewsCategory","last_modified_at","time.Time","nullable","Timestamp indicating the most recent modification to this news category record.","None explicitly defined in DTO"
"NewsTag","id","bson.ObjectID","PK, auto-generated","The primary key serving as a unique, auto-generated MongoDB ObjectID identifier for each NewsTag record.","None explicitly defined in DTO"
"NewsTag","tag_name","string","NOT NULL","The human-readable name of the news tag, used for categorizing and searching news articles by specific topics or themes.","None explicitly defined in DTO"
"NewsTag","is_deleted","bool","NOT NULL","Soft delete flag indicating whether this news tag record has been marked for deletion.","None explicitly defined in DTO"
"NewsTag","created_at","time.Time","nullable","Timestamp when this news tag record was initially created in the system.","None explicitly defined in DTO"
"NewsTag","deleted_at","time.Time","nullable","Timestamp indicating when this news tag record was soft-deleted, providing an audit trail for data lifecycle management.","None explicitly defined in DTO"
"NewsTag","last_modified_at","time.Time","nullable","Timestamp indicating the most recent modification to this news tag record.","None explicitly defined in DTO"
"Notification","id","bson.ObjectID","PK, auto-generated","The primary key serving as a unique, auto-generated MongoDB ObjectID identifier for each Notification record.","None explicitly defined in DTO"
"Notification","title","string","NOT NULL","The title or headline of the notification, providing a concise summary of the notification content displayed to users.","None explicitly defined in DTO"
"Notification","notification_type","string","NOT NULL","The type or category of the notification, such as 'ALERT', 'INFO', 'WARNING', or 'SUCCESS', determining the notification's visual style and priority.","None explicitly defined in DTO"
"Notification","notification_body","string","NOT NULL","The main content or message body of the notification, containing the detailed information to be communicated to users.","None explicitly defined in DTO"
"Notification","is_public","bool","NOT NULL","Boolean flag indicating whether this notification is public and visible to all users, or private and targeted to specific users.","None explicitly defined in DTO"
"Notification","for","constants.NotificationFor","NOT NULL","An enumeration indicating the target audience for this notification, such as ALL_USERS, CPS_USERS, or BPS_USERS, determining notification visibility.","None explicitly defined in DTO"
"Notification","created_by","string","NOT NULL","The identifier of the user or system that created this notification, used for audit and accountability purposes.","None explicitly defined in DTO"
"Notification","notification_parts","any","NOT NULL","A flexible field storing additional notification components or structured data, such as action buttons, links, or metadata, used for rich notification content.","None explicitly defined in DTO"
"Notification","seen","bool","NOT NULL","Boolean flag indicating whether this notification has been viewed or read by the recipient user, used for unread notification tracking.","None explicitly defined in DTO"
"Notification","enabled","bool","NOT NULL","Boolean flag indicating whether this notification is currently enabled and active in the system.","None explicitly defined in DTO"
"Notification","status","constants.NotificationStatus","NOT NULL","An enumeration indicating the current status of the notification, such as DRAFT, SENT, or CANCELLED, determining notification lifecycle state.","None explicitly defined in DTO"
"Notification","is_deleted","bool","NOT NULL","Soft delete flag indicating whether this notification record has been marked for deletion.","None explicitly defined in DTO"
"Notification","created_at","time.Time","NOT NULL","Timestamp when this notification record was initially created in the system.","None explicitly defined in DTO"
"Notification","last_modified","time.Time","NOT NULL","Timestamp indicating the most recent modification to this notification record.","None explicitly defined in DTO"
"Notification","deleted_at","time.Time","NOT NULL","Timestamp indicating when this notification record was soft-deleted, providing an audit trail for data lifecycle management.","None explicitly defined in DTO"
"OTP","id","bson.ObjectID","PK, auto-generated","The primary key serving as a unique, auto-generated MongoDB ObjectID identifier for each OTP record.","None explicitly defined in DTO"
"OTP","phone_number","string","NOT NULL","The phone number to which this OTP was sent, used for OTP delivery and verification purposes.","None explicitly defined in DTO"
"OTP","full_name","string","NOT NULL","The full name of the user requesting the OTP, used for identification and verification purposes.","None explicitly defined in DTO"
"OTP","user_realm","constants.Realm","NOT NULL","An enumeration indicating the organizational realm of the user requesting the OTP, such as ELST, BANK, or MEMBER.","None explicitly defined in DTO"
"OTP","email","string","NOT NULL","The email address of the user requesting the OTP, used for identification and verification purposes.","None explicitly defined in DTO"
"OTP","user_code","string","NOT NULL","The unique user code of the user requesting the OTP, used for identification and verification purposes.","None explicitly defined in DTO"
"OTP","otp_code","string","NOT NULL","The one-time password code generated for this OTP request, typically a 6-digit numeric code used for authentication.","None explicitly defined in DTO"
"OTP","bill_no","*string","nullable","An optional bill number associated with this OTP request, used for bill payment verification scenarios.","None explicitly defined in DTO"
"OTP","device_uuid","*string","nullable","The unique device identifier (UUID) associated with this OTP request, used for device-based authentication and security.","None explicitly defined in DTO"
"OTP","otp_for","constants.OTPFor","NOT NULL","An enumeration indicating the purpose of this OTP, such as LOGIN, PIN_SET, PIN_RESET, TRANSFER, or ACCOUNT_LINK, determining OTP usage context.","None explicitly defined in DTO"
"OTP","status","constants.OTPStatus","NOT NULL","An enumeration indicating the current status of the OTP, such as PENDING, VERIFIED, EXPIRED, or FAILED, tracking OTP lifecycle.","None explicitly defined in DTO"
"OTP","expires_at","time.Time","NOT NULL","Timestamp indicating when this OTP will expire and become invalid, typically set to 3 minutes after creation for security purposes.","None explicitly defined in DTO"
"OTP","created_at","time.Time","NOT NULL","Timestamp when this OTP record was initially created in the system.","None explicitly defined in DTO"
"OTP","is_deleted","bool","NOT NULL","Soft delete flag indicating whether this OTP record has been marked for deletion.","None explicitly defined in DTO"
"PasswordRule","id","bson.ObjectID","PK, auto-generated","The primary key serving as a unique, auto-generated MongoDB ObjectID identifier for each PasswordRule record.","None explicitly defined in DTO"
"PasswordRule","name","string","NOT NULL","The name or identifier of this password rule, such as 'Standard Password Policy' or 'Strong Password Policy', used for rule identification.","None explicitly defined in DTO"
"PasswordRule","min_length","int","NOT NULL","The minimum number of characters required for passwords conforming to this rule, enforcing password length requirements.","None explicitly defined in DTO"
"PasswordRule","max_length","int","NOT NULL","The maximum number of characters allowed for passwords conforming to this rule, enforcing password length limits.","None explicitly defined in DTO"
"PasswordRule","numbers","bool","NOT NULL","Boolean flag indicating whether passwords must contain at least one numeric digit (0-9) to conform to this rule.","None explicitly defined in DTO"
"PasswordRule","capital_letters","bool","NOT NULL","Boolean flag indicating whether passwords must contain at least one uppercase letter (A-Z) to conform to this rule.","None explicitly defined in DTO"
"PasswordRule","small_letters","bool","NOT NULL","Boolean flag indicating whether passwords must contain at least one lowercase letter (a-z) to conform to this rule.","None explicitly defined in DTO"
"PasswordRule","characters","bool","NOT NULL","Boolean flag indicating whether passwords must contain at least one special character (!@#$%^&* etc.) to conform to this rule.","None explicitly defined in DTO"
"PasswordRule","created_at","time.Time","NOT NULL","Timestamp when this password rule record was initially created in the system.","None explicitly defined in DTO"
"Permission","id","bson.ObjectID","PK, auto-generated","The primary key serving as a unique, auto-generated MongoDB ObjectID identifier for each Permission record.","None explicitly defined in DTO"
"Permission","permission_name","string","NOT NULL","The name of the permission, such as 'CREATE_USER', 'DELETE_ACCOUNT', or 'VIEW_REPORTS', defining a specific access right or capability.","None explicitly defined in DTO"
"Permission","created_at","time.Time","nullable","Timestamp when this permission record was initially created in the system.","None explicitly defined in DTO"
"PermissionCategory","id","bson.ObjectID","PK, auto-generated","The primary key serving as a unique, auto-generated MongoDB ObjectID identifier for each PermissionCategory record.","None explicitly defined in DTO"
"PermissionCategory","category_name","string","nullable","The name of the permission category, such as 'User Management', 'Account Management', or 'Reporting', used for organizing permissions into logical groups.","None explicitly defined in DTO"
"PermissionCategory","access","string","NOT NULL","The access level or type for this permission category, defining the scope or nature of permissions within this category.","None explicitly defined in DTO"
"PermissionCategory","permissions","interface{}","NOT NULL","A flexible field storing permission information, typically an array of permission ObjectIDs or permission structures, defining which permissions belong to this category.","None explicitly defined in DTO"
"PermissionCategory","enabled","bool","nullable","Boolean flag indicating whether this permission category is currently enabled and active in the system.","None explicitly defined in DTO"
"PermissionCategory","is_deleted","bool","nullable","Soft delete flag indicating whether this permission category record has been marked for deletion.","None explicitly defined in DTO"
"PermissionCategory","created_at","time.Time","nullable","Timestamp when this permission category record was initially created in the system.","None explicitly defined in DTO"
"PermissionCategory","updated_at","time.Time","nullable","Timestamp indicating the most recent modification to this permission category record.","None explicitly defined in DTO"
"PermissionGroup","id","bson.ObjectID","PK, auto-generated","The primary key serving as a unique, auto-generated MongoDB ObjectID identifier for each PermissionGroup record.","None explicitly defined in DTO"
"PermissionGroup","group_name","string","nullable","The name of the permission group, such as 'Administrators', 'Operators', or 'Viewers', used for organizing users by their access levels.","None explicitly defined in DTO"
"PermissionGroup","permissions","interface{}","nullable","A flexible field storing permission information, typically an array of permission ObjectIDs or permission structures, defining which permissions are included in this group.","None explicitly defined in DTO"
"PermissionGroup","permission_category","interface{}","nullable","A flexible field storing permission category information, typically an array of permission category ObjectIDs, defining which permission categories are included in this group.","None explicitly defined in DTO"
"PermissionGroup","role","string","nullable","The role associated with this permission group, such as 'MAKER', 'CHECKER', or 'ADMIN', determining the group's functional role in the system.","None explicitly defined in DTO"
"PermissionGroup","realm","string","nullable","An enumeration indicating the organizational realm for this permission group, such as ELST, BANK, or DISTRICT, determining group scope.","None explicitly defined in DTO"
"PermissionGroup","enabled","bool","nullable","Boolean flag indicating whether this permission group is currently enabled and active in the system.","None explicitly defined in DTO"
"PermissionGroup","is_deleted","bool","nullable","Soft delete flag indicating whether this permission group record has been marked for deletion.","None explicitly defined in DTO"
"PermissionGroup","created_at","time.Time","nullable","Timestamp when this permission group record was initially created in the system.","None explicitly defined in DTO"
"PermissionGroup","last_modified","time.Time","nullable","Timestamp indicating the most recent modification to this permission group record.","None explicitly defined in DTO"
"PinResetSession","id","bson.ObjectID","PK, auto-generated","The primary key serving as a unique, auto-generated MongoDB ObjectID identifier for each PinResetSession record.","None explicitly defined in DTO"
"PinResetSession","user_id","string","NOT NULL, FK to User.id","Foreign key reference to the User record requesting the PIN reset, establishing the relationship between users and their PIN reset sessions.","None explicitly defined in DTO"
"PinResetSession","phone_number","string","NOT NULL","The phone number of the user requesting the PIN reset, used for verification and OTP delivery.","None explicitly defined in DTO"
"PinResetSession","device_uuid","string","NOT NULL","The unique device identifier (UUID) of the device from which the PIN reset is being requested, used for device-based security verification.","None explicitly defined in DTO"
"PinResetSession","expires_at","time.Time","NOT NULL","Timestamp indicating when this PIN reset session will expire and become invalid, enforcing time-limited reset windows for security.","None explicitly defined in DTO"
"PinResetSession","created_at","time.Time","NOT NULL","Timestamp when this PIN reset session record was initially created in the system.","None explicitly defined in DTO"
"PinResetSession","attempts","int","NOT NULL","A counter tracking the number of PIN reset attempts made in this session, used for rate limiting and security policy enforcement.","None explicitly defined in DTO"
"PinResetSession","max_attempts","int","NOT NULL","The maximum number of PIN reset attempts allowed in this session before the session is locked, enforcing security limits.","None explicitly defined in DTO"
"PinResetSession","otp","string","NOT NULL","The one-time password code generated for this PIN reset session, used for verification before allowing PIN reset.","None explicitly defined in DTO"
"PinResetSession","otp_for","string","NOT NULL","The purpose identifier for this OTP, typically 'PIN_RESET', indicating that this OTP is specifically for PIN reset verification.","None explicitly defined in DTO"
"PinResetSession","verified_at","*time.Time","nullable","Timestamp indicating when the OTP for this PIN reset session was successfully verified, marking the verification step completion.","None explicitly defined in DTO"
"PinResetSession","completed_at","*time.Time","nullable","Timestamp indicating when the PIN reset process was completed, marking the successful completion of the reset workflow.","None explicitly defined in DTO"
"PinResetSession","enabled","bool","NOT NULL","Boolean flag indicating whether this PIN reset session is currently enabled and active.","None explicitly defined in DTO"
"PinResetSession","access_restricted","bool","NOT NULL","Boolean flag indicating whether access has been restricted for this PIN reset session, typically due to security concerns or policy violations.","None explicitly defined in DTO"
"PinResetSession","status","string","NOT NULL","The current status of this PIN reset session, such as PENDING, VERIFIED, COMPLETED, or EXPIRED, tracking the session lifecycle.","None explicitly defined in DTO"
"PinResetSession","restrictions","[]string","NOT NULL","An array of restriction identifiers or descriptions applied to this PIN reset session, providing details on any access limitations.","None explicitly defined in DTO"
"PinResetSession","is_deleted","bool","NOT NULL","Soft delete flag indicating whether this PIN reset session record has been marked for deletion.","None explicitly defined in DTO"
"ProductCode","id","string","PK","The primary key serving as a unique identifier for each ProductCode record, typically a string-based identifier.","None explicitly defined in DTO"
"ProductCode","service_name","string","NOT NULL","The name of the service or product associated with these product codes, providing human-readable identification for the service.","required, length(2-100 characters)"
"ProductCode","cbe_product_codes","ProductCodes","NOT NULL","A structure containing CBE (Commercial Bank of Ethiopia) product codes including PRD, VATPRD, SFPRD, and TRXN codes, used for CBE transaction processing.","required if provided, no special characters for each code"
"ProductCode","cbe_ifb_product_codes","ProductCodes","NOT NULL","A structure containing CBE IFB (Interest-Free Banking) product codes including PRD, VATPRD, SFPRD, and TRXN codes, used for IFB transaction processing.","required if provided, no special characters for each code"
"ProductCode","created_at","time.Time","NOT NULL","Timestamp when this product code record was initially created in the system.","None explicitly defined in DTO"
"ProductCode","last_modified_at","time.Time","NOT NULL","Timestamp indicating the most recent modification to this product code record.","None explicitly defined in DTO"
"ProductCode","cbe_product_codes_prd","string","NOT NULL","The PRD (Product) code for CBE transactions, used for identifying the product type in core banking system transactions.","no special characters"
"ProductCode","cbe_product_codes_vatprd","string","NOT NULL","The VATPRD (VAT Product) code for CBE transactions, used for VAT calculation and reporting in core banking system transactions.","no special characters"
"ProductCode","cbe_product_codes_sfprd","string","NOT NULL","The SFPRD (Service Fee Product) code for CBE transactions, used for service fee calculation and reporting in core banking system transactions.","no special characters"
"ProductCode","cbe_product_codes_trxn","string","NOT NULL","The TRXN (Transaction) code for CBE transactions, used for transaction type identification in core banking system transactions.","no special characters"
"ProductCode","cbe_ifb_product_codes_prd","string","NOT NULL","The PRD (Product) code for CBE IFB transactions, used for identifying the product type in interest-free banking transactions.","no special characters"
"ProductCode","cbe_ifb_product_codes_vatprd","string","NOT NULL","The VATPRD (VAT Product) code for CBE IFB transactions, used for VAT calculation and reporting in interest-free banking transactions.","no special characters"
"ProductCode","cbe_ifb_product_codes_sfprd","string","NOT NULL","The SFPRD (Service Fee Product) code for CBE IFB transactions, used for service fee calculation and reporting in interest-free banking transactions.","no special characters"
"ProductCode","cbe_ifb_product_codes_trxn","string","NOT NULL","The TRXN (Transaction) code for CBE IFB transactions, used for transaction type identification in interest-free banking transactions.","no special characters"
"ServiceDetails","id","bson.ObjectID","PK, auto-generated","The primary key serving as a unique, auto-generated MongoDB ObjectID identifier for each ServiceDetails record.","None explicitly defined in DTO"
"ServiceDetails","service_code","string","NOT NULL","A unique code identifier for this service, used for tracking and referencing specific service configurations.","None explicitly defined in DTO"
"ServiceDetails","service_name","string","NOT NULL","The human-readable name of the service, providing identification for the service configuration.","None explicitly defined in DTO"
"ServiceDetails","service_type","string","NOT NULL","The type or category of the service, classifying the service's functionality and purpose.","None explicitly defined in DTO"
"ServiceDetails","key","string","NOT NULL","A unique key identifier for this service configuration, used for internal referencing and service lookup.","None explicitly defined in DTO"
"ServiceDetails","cap","types.Cap","NOT NULL","A structure containing cap limits for this service including individual single cap, individual daily cap, corporate single cap, corporate daily cap, and minimum amount, defining transaction limits.","None explicitly defined in DTO"
"ServiceDetails","cbe_product_codes","types.ProductCodes","NOT NULL","A structure containing CBE product codes including PRD, VATPRD, SFPRD, and TRXN codes, used for CBE transaction processing.","None explicitly defined in DTO"
"ServiceDetails","cbe_ifb_product_codes","types.ProductCodes","NOT NULL","A structure containing CBE IFB product codes including PRD, VATPRD, SFPRD, and TRXN codes, used for IFB transaction processing.","None explicitly defined in DTO"
"ServiceDetails","above_amount","uint64","NOT NULL","The amount threshold above which a different service fee structure applies, used for tiered pricing calculations.","None explicitly defined in DTO"
"ServiceDetails","above_service_fee","uint64","NOT NULL","The service fee amount charged for transactions above the above_amount threshold, implementing tiered pricing.","None explicitly defined in DTO"
"ServiceDetails","payment_type","string","NOT NULL","The payment type or method for this service, such as 'DEBIT', 'CREDIT', or 'BOTH', determining payment processing rules.","None explicitly defined in DTO"
"ServiceDetails","tiers","[]types.Tier","NOT NULL","An array of tier structures, each containing minimum amount, maximum amount, and service fee, defining tiered pricing for this service.","None explicitly defined in DTO"
"ServiceDetails","cbe_gl_entry","types.GLEntry","NOT NULL","A structure containing General Ledger entry information for CBE transactions, including debit and credit account details for accounting purposes.","None explicitly defined in DTO"
"ServiceDetails","cbe_ifb_gl_entry","types.IFBglEntry","NOT NULL","A structure containing General Ledger entry information for CBE IFB transactions, including debit and credit account details for accounting purposes.","None explicitly defined in DTO"
"ServiceDetails","enabled","bool","NOT NULL","Boolean flag indicating whether this service is currently enabled and available for use in the application.","None explicitly defined in DTO"
"ServiceDetails","max_amount","uint64","NOT NULL","The maximum transaction amount allowed for this service, enforcing upper transaction limits.","None explicitly defined in DTO"
"ServiceDetails","min_amount","uint64","NOT NULL","The minimum transaction amount required for this service, enforcing lower transaction limits.","None explicitly defined in DTO"
"ServiceDetails","daily_cap_level_one","uint64","NOT NULL","The daily transaction cap limit for level one users of this service, enforcing daily spending limits.","None explicitly defined in DTO"
"ServiceDetails","min_amount_virtual","uint64","NOT NULL","The minimum transaction amount for virtual account transactions in this service, enforcing virtual account limits.","None explicitly defined in DTO"
"ServiceDetails","single_cap_level_one","uint64","NOT NULL","The single transaction cap limit for level one users of this service, enforcing per-transaction spending limits.","None explicitly defined in DTO"
"ServiceDetails","is_deleted","bool","NOT NULL","Soft delete flag indicating whether this service details record has been marked for deletion.","None explicitly defined in DTO"
"ServiceDetails","created_at","time.Time","NOT NULL","Timestamp when this service details record was initially created in the system.","None explicitly defined in DTO"
"ServiceDetails","last_modified_at","time.Time","NOT NULL","Timestamp indicating the most recent modification to this service details record.","None explicitly defined in DTO"
"ServiceDetails","deleted_at","time.Time","NOT NULL","Timestamp indicating when this service details record was soft-deleted, providing an audit trail for data lifecycle management.","None explicitly defined in DTO"
"SitotaTransaction","id","string","PK","The primary key serving as a unique identifier for each SitotaTransaction record, typically a string-based transaction ID.","None explicitly defined in DTO"
"SitotaTransaction","sender_name","string","NOT NULL","The full name of the sender initiating this Sitota transaction, used for transaction identification and verification.","None explicitly defined in DTO"
"SitotaTransaction","sender_account_number","string","NOT NULL","The bank account number of the sender, used for debiting funds from the sender's account.","None explicitly defined in DTO"
"SitotaTransaction","sender_phone_number","string","NOT NULL","The phone number of the sender, used for communication and transaction verification.","None explicitly defined in DTO"
"SitotaTransaction","recipient_name","string","NOT NULL","The full name of the recipient receiving this Sitota transaction, used for transaction identification and verification.","None explicitly defined in DTO"
"SitotaTransaction","recipient_account_number","string","NOT NULL","The bank account number of the recipient, used for crediting funds to the recipient's account.","None explicitly defined in DTO"
"SitotaTransaction","recipient_phone_number","string","NOT NULL","The phone number of the recipient, used for communication and transaction verification.","None explicitly defined in DTO"
"SitotaTransaction","sitota_amount","float64","NOT NULL","The transaction amount in Sitota currency, representing the monetary value being transferred in this transaction.","None explicitly defined in DTO"
"SitotaTransaction","gl_account_number","string","NOT NULL","The General Ledger account number associated with this transaction, used for accounting and financial reporting purposes.","None explicitly defined in DTO"
"SitotaTransaction","status","string","NOT NULL","The current status of this Sitota transaction, such as PENDING, COMPLETED, FAILED, or CANCELLED, tracking transaction lifecycle.","None explicitly defined in DTO"
"SitotaTransaction","claimed_at","*time.Time","nullable","Timestamp indicating when this Sitota transaction was claimed by the recipient, marking the completion of the transaction.","None explicitly defined in DTO"
"SitotaTransaction","created_at","time.Time","NOT NULL","Timestamp when this Sitota transaction record was initially created in the system.","None explicitly defined in DTO"
"SitotaTransaction","updated_at","time.Time","NOT NULL","Timestamp indicating the most recent modification to this Sitota transaction record.","None explicitly defined in DTO"
"SitotaTransaction","deleted_at","*time.Time","nullable","Timestamp indicating when this Sitota transaction record was soft-deleted, providing an audit trail for data lifecycle management.","None explicitly defined in DTO"
"Topup","id","bson.ObjectID","PK, auto-generated","The primary key serving as a unique, auto-generated MongoDB ObjectID identifier for each Topup record.","None explicitly defined in DTO"
"Topup","name","string","NOT NULL","The name of the top-up service provider, such as 'Ethio Telecom' or 'M-Pesa', providing identification for the top-up service.","None explicitly defined in DTO"
"Topup","code","string","NOT NULL","A unique code identifier for this top-up service, used for tracking and referencing specific top-up providers.","None explicitly defined in DTO"
"Topup","avatar","string","NOT NULL","The file path or URL reference to the avatar or logo image for this top-up service, used for visual identification in the user interface.","None explicitly defined in DTO"
"Topup","enabled","bool","NOT NULL","Boolean flag indicating whether this top-up service is currently enabled and available for use in the application.","None explicitly defined in DTO"
"Topup","services","types.Services","NOT NULL","A structure containing service configuration information for this top-up provider, including service codes and settings.","None explicitly defined in DTO"
"Topup","is_deleted","bool","NOT NULL","Soft delete flag indicating whether this top-up record has been marked for deletion.","None explicitly defined in DTO"
"Topup","created_at","time.Time","NOT NULL","Timestamp when this top-up record was initially created in the system.","None explicitly defined in DTO"
"Topup","last_modified_at","time.Time","NOT NULL","Timestamp indicating the most recent modification to this top-up record.","None explicitly defined in DTO"
"Topup","deleted_at","time.Time","NOT NULL","Timestamp indicating when this top-up record was soft-deleted, providing an audit trail for data lifecycle management.","None explicitly defined in DTO"
"User","id","bson.ObjectID","PK, auto-generated","The primary key serving as a unique, auto-generated MongoDB ObjectID identifier for each User record.","None explicitly defined in DTO"
"User","user_code","string","nullable","A unique alphanumeric code assigned to the user for identification purposes within the system.","None explicitly defined in DTO"
"User","full_name","string","nullable","The complete legal name of the user, including first name, middle name, and last name.","None explicitly defined in DTO"
"User","mother_name","string","nullable","The full name of the user's mother, used for identity verification and KYC purposes.","None explicitly defined in DTO"
"User","nationality","string","nullable","The nationality of the user, typically represented as a two-letter ISO country code or full country name.","None explicitly defined in DTO"
"User","birth_date","time.Time","nullable","The date of birth of the user, used for age verification and identity confirmation.","None explicitly defined in DTO"
"User","branch_name","string","nullable","The name of the bank branch associated with this user, providing branch-level identification.","None explicitly defined in DTO"
"User","district_name","string","nullable","The name of the district where this user is located, providing geographical context for organizational hierarchy.","None explicitly defined in DTO"
"User","branch_code","string","nullable","The unique code identifying the bank branch associated with this user, used for branch-level operations and reporting.","None explicitly defined in DTO"
"User","district_code","string","nullable","The unique code identifying the district where this user is located, used for geographical organization and reporting.","None explicitly defined in DTO"
"User","residential_status","string","nullable","The residential status of the user, such as 'RESIDENT' or 'NON_RESIDENT', used for regulatory compliance and reporting.","None explicitly defined in DTO"
"User","issued_date","time.Time","nullable","The date when the user's identification document was issued, used for identity verification and KYC purposes.","None explicitly defined in DTO"
"User","phone_number","string","nullable","The primary contact phone number for the user, used for communication, authentication, and OTP delivery.","None explicitly defined in DTO"
"User","gender","constants.Gender","nullable","An enumeration indicating the gender classification of the user: MALE or FEMALE, used for demographic reporting.","None explicitly defined in DTO"
"User","profile_theme_type","string","nullable","The theme type preference for the user's profile display, such as 'LIGHT' or 'DARK', used for UI customization.","None explicitly defined in DTO"
"User","fayda_id_number","string","nullable","The Fayda (National ID) number of the user, used for identity verification and KYC purposes in the Ethiopian national identification system.","None explicitly defined in DTO"
"User","fayda_access_token","string","nullable","The access token obtained from the Fayda system for this user, used for API authentication and identity verification.","None explicitly defined in DTO"
"User","fayda_employment_status","string","nullable","The employment status of the user as recorded in the Fayda system, such as 'EMPLOYED', 'UNEMPLOYED', or 'SELF_EMPLOYED'.","None explicitly defined in DTO"
"User","fayda_employer_name","string","nullable","The name of the user's employer as recorded in the Fayda system, used for employment verification.","None explicitly defined in DTO"
"User","fayda_issued_by","string","nullable","The authority or organization that issued the user's Fayda ID, used for identity verification.","None explicitly defined in DTO"
"User","fayda_monthly_income","uint64","nullable","The monthly income of the user as recorded in the Fayda system, used for financial assessment and risk evaluation.","None explicitly defined in DTO"
"User","fayda_risk_level","constants.RiskLevel","nullable","An enumeration indicating the risk level assessment for this user based on Fayda data: LOW, MEDIUM, or HIGH, used for risk management.","None explicitly defined in DTO"
"User","address","types.Address","nullable","A structure containing the user's address information including street, city, region, and postal code, used for contact and verification purposes.","None explicitly defined in DTO"
"User","account_type","constants.AccountType","nullable","An enumeration indicating the type of account held by the user, such as INDIVIDUAL or CORPORATE, determining account features and restrictions.","None explicitly defined in DTO"
"User","document_front","string","nullable","The file path or URL reference to the front side of the user's identification document, used for KYC verification.","None explicitly defined in DTO"
"User","document_back","string","nullable","The file path or URL reference to the back side of the user's identification document, used for KYC verification.","None explicitly defined in DTO"
"User","photo","string","nullable","The file path or URL reference to the user's profile photo, used for visual identification and account verification.","None explicitly defined in DTO"
"User","signature","string","nullable","The file path or URL reference to the user's signature image, used for document signing and verification purposes.","None explicitly defined in DTO"
"User","avatar","string","nullable","The file path or URL reference to the user's avatar image, used for profile display in the application interface.","None explicitly defined in DTO"
"User","email","string","nullable","The email address associated with the user's account, used for communication and account recovery.","None explicitly defined in DTO"
"User","username","string","nullable","The unique username chosen by or assigned to the user for login and account identification purposes.","None explicitly defined in DTO"
"User","push_token","string","nullable","The push notification token for the user's device, used for sending push notifications to the mobile application.","None explicitly defined in DTO"
"User","realm","constants.Realm","nullable","An enumeration indicating the organizational realm of the user, such as ELST, BANK, or MEMBER, determining user scope and access.","None explicitly defined in DTO"
"User","is_account_blocked","bool","nullable","Boolean flag indicating whether the user's account has been blocked, preventing account access and transactions.","None explicitly defined in DTO"
"User","main_account","string","nullable","The account number of the user's primary or main bank account, used as the default account for transactions.","None explicitly defined in DTO"
"User","last_main_account","string","nullable","The previous main account number before the current main account was set, providing historical account tracking.","None explicitly defined in DTO"
"User","account_linked","bool","nullable","Boolean flag indicating whether the user has successfully linked at least one bank account to their profile.","None explicitly defined in DTO"
"User","last_account_linked","bool","nullable","The previous account linked status before the current status, providing historical account linkage tracking.","None explicitly defined in DTO"
"User","member_type","constants.MemberType","nullable","An enumeration indicating the member type of the user, such as INDIVIDUAL or CORPORATE, determining membership features and restrictions.","None explicitly defined in DTO"
"User","account_status","constants.AccountStatus","nullable","An enumeration indicating the current status of the user's account, such as ACTIVE, INACTIVE, SUSPENDED, or CLOSED, determining account access levels.","None explicitly defined in DTO"
"User","kyc_reject_reason_failed","map[string]struct{}","nullable","A map structure containing field-level rejection reasons for KYC verification failures, providing detailed feedback on which specific fields failed validation.","None explicitly defined in DTO"
"User","kyc_status","constants.KYCStatus","nullable","An enumeration indicating the current KYC verification status: PENDING, APPROVED, or REJECTED, determining account access levels.","None explicitly defined in DTO"
"User","kyc_reject_reason","string","nullable","A textual description explaining why the KYC verification was rejected, providing actionable feedback for users to address verification issues.","None explicitly defined in DTO"
"User","kyc_approved","bool","nullable","Boolean flag indicating whether the KYC verification process has been successfully completed and approved for this user.","None explicitly defined in DTO"
"User","kyc_activity_by","any","nullable","The identifier or reference to the user or system that performed the KYC activity, used for audit trail and accountability purposes.","None explicitly defined in DTO"
"User","kyc_level","uint8","nullable","A numeric level indicating the depth of KYC verification completed, with higher levels typically requiring more comprehensive identity documentation.","None explicitly defined in DTO"
"User","branch_approved","bool","nullable","Boolean flag indicating whether the user's account has been approved by a branch officer, completing the branch-level approval process.","None explicitly defined in DTO"
"User","is_verified","bool","nullable","Boolean flag indicating whether the user's identity has been verified through the verification process.","None explicitly defined in DTO"
"User","is_self_register","bool","nullable","Boolean flag indicating whether the user registered themselves through self-registration, or was registered by a branch officer.","None explicitly defined in DTO"
"User","blocked_on_cps","bool","nullable","Boolean flag indicating whether the user's account has been blocked on the CPS (Customer Portal System), used for account access control.","None explicitly defined in DTO"
"User","is_blocked","bool","nullable","Boolean flag indicating whether the user's account is currently blocked, preventing account access and transactions.","None explicitly defined in DTO"
"User","register_by","struct{}","nullable","A structure containing information about who registered this user, including registrar identifier and registration method, used for audit purposes.","None explicitly defined in DTO"
"User","login_attempt_count","uint8","nullable","A counter tracking the number of consecutive failed login attempts, used for account security and potential lockout mechanisms.","None explicitly defined in DTO"
"User","next_attempt_count","time.Time","nullable","Timestamp indicating when the next login attempt will be allowed after a series of failed attempts.","None explicitly defined in DTO"
"User","last_login_attempt","time.Time","nullable","Timestamp of the most recent login attempt, whether successful or failed.","None explicitly defined in DTO"
"User","last_online_date","time.Time","nullable","The most recent date when the user was active online in the application, used for activity tracking.","None explicitly defined in DTO"
"User","last_login","time.Time","nullable","Timestamp of the most recent successful login by the user.","None explicitly defined in DTO"
"User","bps_reject_status","constants.BPSStatus","nullable","An enumeration indicating the BPS (Banking Processing System) rejection status for this user, such as APPROVED, REJECTED, or PENDING.","None explicitly defined in DTO"
"User","blocked_on","constants.BlockedOn","nullable","An enumeration indicating where or why the user's account was blocked, such as CPS, BPS, or MANUAL, providing blocking context.","None explicitly defined in DTO"
"User","blocked_reason","string","nullable","A textual description explaining why the user's account was blocked, providing detailed blocking information for audit and user communication.","None explicitly defined in DTO"
"User","bps_reject_reason","string","nullable","A textual description explaining why the user was rejected by the BPS system, providing feedback on rejection causes.","None explicitly defined in DTO"
"User","bps_reject_failed","[]string","nullable","An array of field names that failed BPS validation, providing detailed feedback on which specific fields caused the rejection.","None explicitly defined in DTO"
"User","login_pin","types.LoginPIN","nullable","A structure containing the user's encrypted login PIN information, including PIN hash, salt, and PIN change timestamp, used for authentication.","None explicitly defined in DTO"
"User","device_uuid","string","nullable","The unique device identifier (UUID) of the user's mobile device, used for device-based authentication and security tracking.","None explicitly defined in DTO"
"User","app_version","string","nullable","The version number of the mobile application installed on the user's device, used for compatibility checking and version tracking.","None explicitly defined in DTO"
"User","platform","constants.Platform","nullable","An enumeration indicating the mobile platform type: ANDROID or IOS, used for platform-specific functionality and tracking.","None explicitly defined in DTO"
"User","application_installation_date","time.Time","nullable","Timestamp indicating when the mobile application was installed on the user's device, used for device tracking and analytics.","None explicitly defined in DTO"
"User","customer_number","string","nullable","The Customer Information File (CIF) number associated with this user, serving as a unique identifier for the customer in the banking system.","None explicitly defined in DTO"
"User","initial_linked_date","time.Time","nullable","Timestamp indicating when the user first linked a bank account to their profile, marking the initial account linkage.","None explicitly defined in DTO"
"User","loan_score","uint16","nullable","A numeric credit score or loan eligibility score for the user, used for loan assessment and risk evaluation.","None explicitly defined in DTO"
"User","device_status","constants.DeviceStatus","nullable","An enumeration indicating the status of the user's device, such as ACTIVE, INACTIVE, or BLOCKED, used for device management and security.","None explicitly defined in DTO"
"User","enabled","bool","NOT NULL","Boolean flag indicating whether the user account is currently enabled and active in the system.","None explicitly defined in DTO"
"User","first_pin_set","bool","nullable","Boolean flag indicating whether the user has completed the initial PIN setup process.","None explicitly defined in DTO"
"User","pin_changed_at","time.Time","nullable","Timestamp indicating when the user's PIN was last changed, used for PIN expiration and security policy enforcement.","None explicitly defined in DTO"
"User","otp_verify_count","uint8","nullable","A counter tracking the number of OTP verification attempts, used for rate limiting and security policy enforcement.","None explicitly defined in DTO"
"User","initial_linked_at","time.Time","nullable","Timestamp indicating when the user first linked a bank account to their profile, marking the initial account linkage.","None explicitly defined in DTO"
"User","created_at","time.Time","nullable","Timestamp when this user record was initially created in the system.","None explicitly defined in DTO"
"User","last_modified_at","time.Time","nullable","Timestamp indicating the most recent modification to this user record.","None explicitly defined in DTO"
"User","is_deleted","bool","nullable","Soft delete flag indicating whether this user record has been marked for deletion.","None explicitly defined in DTO"
"ValidationRule","id","bson.ObjectID","PK, auto-generated","The primary key serving as a unique, auto-generated MongoDB ObjectID identifier for each ValidationRule record.","None explicitly defined in DTO"
"ValidationRule","entity_type","string","NOT NULL","The type of entity this validation rule applies to, such as 'USER', 'ACCOUNT', or 'TRANSACTION', determining rule scope.","None explicitly defined in DTO"
"ValidationRule","validation_for","string","NOT NULL","The specific field or attribute this validation rule validates, such as 'PHONE_NUMBER', 'EMAIL', or 'ACCOUNT_NUMBER', determining validation target.","None explicitly defined in DTO"
"ValidationRule","identifier","string","NOT NULL","A unique identifier for this validation rule, used for rule lookup and referencing.","None explicitly defined in DTO"
"ValidationRule","min_length","int","NOT NULL","The minimum length requirement for values validated by this rule, enforcing minimum length constraints.","None explicitly defined in DTO"
"ValidationRule","max_length","int","NOT NULL","The maximum length requirement for values validated by this rule, enforcing maximum length constraints.","None explicitly defined in DTO"
"ValidationRule","enabled","bool","NOT NULL","Boolean flag indicating whether this validation rule is currently enabled and active in the system.","None explicitly defined in DTO"
"ValidationRule","is_deleted","bool","NOT NULL","Soft delete flag indicating whether this validation rule record has been marked for deletion.","None explicitly defined in DTO"
"ValidationRule","created_at","time.Time","NOT NULL","Timestamp when this validation rule record was initially created in the system.","None explicitly defined in DTO"
"ValidationRule","last_modified_at","time.Time","NOT NULL","Timestamp indicating the most recent modification to this validation rule record.","None explicitly defined in DTO"
"ValidationRule","service_id","string","NOT NULL","The identifier of the service this validation rule applies to, linking the rule to a specific service configuration.","None explicitly defined in DTO"
"VaultGroupCategory","id","string","PK","The primary key serving as a unique identifier for each VaultGroupCategory record, typically a string-based identifier.","required, length(1-100 characters), no special characters"
"VaultGroupCategory","name","string","NOT NULL","The human-readable name of the vault group category, used for organizing and categorizing vault products.","required, length(1-100 characters), no special characters"
"VaultGroupCategory","description","string","nullable","A detailed description of the vault group category, explaining its purpose and characteristics.","length(0-500 characters)"
"VaultGroupCategory","is_active","bool","NOT NULL","Boolean flag indicating whether this vault group category is currently active and available for use.","None explicitly defined in DTO"
"VaultGroupCategory","is_deleted","bool","NOT NULL","Soft delete flag indicating whether this vault group category record has been marked for deletion.","None explicitly defined in DTO"
"VaultGroupCategory","created_at","time.Time","NOT NULL","Timestamp when this vault group category record was initially created in the system.","None explicitly defined in DTO"
"VaultGroupCategory","updated_at","time.Time","NOT NULL","Timestamp indicating the most recent modification to this vault group category record.","None explicitly defined in DTO"
"VaultGroupCategory","deleted_at","*time.Time","nullable","Timestamp indicating when this vault group category record was soft-deleted, providing an audit trail for data lifecycle management.","None explicitly defined in DTO"
"VaultGroupCategory","created_by","string","NOT NULL","The identifier of the user or system that created this vault group category record, used for audit and accountability purposes.","None explicitly defined in DTO"
"VaultGroupCategory","updated_by","string","NOT NULL","The identifier of the user or system that last modified this vault group category record, used for audit and accountability purposes.","None explicitly defined in DTO"
"Wallet","id","bson.ObjectID","PK, auto-generated","The primary key serving as a unique, auto-generated MongoDB ObjectID identifier for each Wallet record.","None explicitly defined in DTO"
"Wallet","name","string","NOT NULL","The name of the wallet service provider, such as 'M-Pesa' or 'Telebirr', providing identification for the wallet service.","None explicitly defined in DTO"
"Wallet","code","string","NOT NULL","A unique code identifier for this wallet service, used for tracking and referencing specific wallet providers.","None explicitly defined in DTO"
"Wallet","avatar","string","NOT NULL","The file path or URL reference to the avatar or logo image for this wallet service, used for visual identification in the user interface.","None explicitly defined in DTO"
"Wallet","enabled","bool","NOT NULL","Boolean flag indicating whether this wallet service is currently enabled and available for use in the application.","None explicitly defined in DTO"
"Wallet","services","types.Services","NOT NULL","A structure containing service configuration information for this wallet provider, including service codes and settings.","None explicitly defined in DTO"
"Wallet","is_deleted","bool","NOT NULL","Soft delete flag indicating whether this wallet record has been marked for deletion.","None explicitly defined in DTO"
"Wallet","created_at","time.Time","NOT NULL","Timestamp when this wallet record was initially created in the system.","None explicitly defined in DTO"
"Wallet","last_modified_at","time.Time","NOT NULL","Timestamp indicating the most recent modification to this wallet record.","None explicitly defined in DTO"
"Wallet","deleted_at","time.Time","NOT NULL","Timestamp indicating when this wallet record was soft-deleted, providing an audit trail for data lifecycle management.","None explicitly defined in DTO"
"ShortVideo","id","bson.ObjectID","PK, auto-generated","The primary key serving as a unique, auto-generated MongoDB ObjectID identifier for each ShortVideo record.","None explicitly defined in DTO"
"ShortVideo","category_id","bson.ObjectID","NOT NULL, FK to NewsCategory.id","Foreign key reference to the NewsCategory record classifying this short video, establishing the relationship between videos and their categories.","None explicitly defined in DTO"
"ShortVideo","title","string","NOT NULL","The title or headline of the short video, providing a concise summary of the video content displayed to users.","None explicitly defined in DTO"
"ShortVideo","caption","string","NOT NULL","The caption or description text for the short video, providing additional context and information about the video content.","None explicitly defined in DTO"
"ShortVideo","tags","[]bson.ObjectID","NOT NULL, FK to NewsTag.id","An array of NewsTag ObjectIDs associated with this short video, used for categorization and search functionality.","None explicitly defined in DTO"
"ShortVideo","thumbnail","string","NOT NULL","The file path or URL reference to the thumbnail image for this short video, used for visual representation in video listings.","None explicitly defined in DTO"
"ShortVideo","thumbnail_alt_text","string","NOT NULL","Alternative text description for the thumbnail image, used for accessibility and SEO purposes.","None explicitly defined in DTO"
"ShortVideo","video_url","string","NOT NULL","The file path or URL reference to the video file, used for video playback in the application interface.","None explicitly defined in DTO"
"ShortVideo","duration","float64","NOT NULL","The duration of the short video in seconds, used for display and playback control purposes.","None explicitly defined in DTO"
"ShortVideo","views_count","int64","NOT NULL","A counter tracking the number of times this short video has been viewed by users, used for analytics and popularity metrics.","None explicitly defined in DTO"
"ShortVideo","shares_count","int64","NOT NULL","A counter tracking the number of times users have shared this short video, used for engagement analytics.","None explicitly defined in DTO"
"ShortVideo","is_deleted","bool","NOT NULL","Soft delete flag indicating whether this short video record has been marked for deletion.","None explicitly defined in DTO"
"ShortVideo","is_published","bool","NOT NULL","Boolean flag indicating whether this short video is currently published and visible to users in the application interface.","None explicitly defined in DTO"
"ShortVideo","slug","string","NOT NULL","A URL-friendly identifier for the short video, typically derived from the title for use in web interfaces and SEO.","None explicitly defined in DTO"
"ShortVideo","author","string","NOT NULL","The name or identifier of the author who created this short video, used for attribution and content management.","None explicitly defined in DTO"
"ShortVideo","created_at","time.Time","NOT NULL","Timestamp when this short video record was initially created in the system.","None explicitly defined in DTO"
"ShortVideo","updated_at","time.Time","NOT NULL","Timestamp indicating the most recent modification to this short video record.","None explicitly defined in DTO"
"ShortVideo","deleted_at","*time.Time","nullable","Timestamp indicating when this short video record was soft-deleted, providing an audit trail for data lifecycle management.","None explicitly defined in DTO"
"ShortVideo","published_at","*time.Time","nullable","Timestamp indicating when this short video was published, marking when it became visible to users.","None explicitly defined in DTO"
"GroupVaultCategory","id","string","PK","The primary key serving as a unique identifier for each GroupVaultCategory record in the PostgreSQL database.","None explicitly defined in DTO"
"GroupVaultCategory","name","string","NOT NULL","The human-readable name of the vault group category, used for organizing and categorizing vault products.","None explicitly defined in DTO"
"GroupVaultCategory","description","pgtype.Text","nullable","A detailed description of the vault group category, explaining its purpose and characteristics, stored as PostgreSQL text type.","None explicitly defined in DTO"
"GroupVaultCategory","is_active","bool","NOT NULL","Boolean flag indicating whether this vault group category is currently active and available for use.","None explicitly defined in DTO"
"GroupVaultCategory","created_at","time.Time","NOT NULL","Timestamp when this vault group category record was initially created in the PostgreSQL database.","None explicitly defined in DTO"
"GroupVaultCategory","updated_at","time.Time","NOT NULL","Timestamp indicating the most recent modification to this vault group category record.","None explicitly defined in DTO"
"GroupVaultCategory","deleted_at","pgtype.Timestamptz","nullable","Timestamp indicating when this vault group category record was soft-deleted, stored as PostgreSQL timestamp with timezone.","None explicitly defined in DTO"
"GroupVaultCategory","is_deleted","bool","NOT NULL","Soft delete flag indicating whether this vault group category record has been marked for deletion.","None explicitly defined in DTO"
"LockedVault","id","string","PK","The primary key serving as a unique identifier for each LockedVault record in the PostgreSQL database.","None explicitly defined in DTO"
"LockedVault","customer_id","string","NOT NULL, FK to User.id","Foreign key reference to the User record who owns this locked vault, establishing the relationship between users and their vault accounts.","None explicitly defined in DTO"
"LockedVault","linked_account","string","NOT NULL, FK to LinkedAccount.account_number","Foreign key reference to the LinkedAccount record associated with this locked vault, identifying the bank account used for vault operations.","None explicitly defined in DTO"
"LockedVault","product_id","string","NOT NULL, FK to BankVaultProduct.id","Foreign key reference to the BankVaultProduct record defining the vault product type and terms for this locked vault.","None explicitly defined in DTO"
"LockedVault","principal","decimal.Decimal","NOT NULL","The principal amount deposited in this locked vault, representing the initial investment amount in high-precision decimal format.","None explicitly defined in DTO"
"LockedVault","start_date","time.Time","NOT NULL","Timestamp indicating when this locked vault was opened and the lock period began, marking the start of the vault term.","None explicitly defined in DTO"
"LockedVault","maturity_date","time.Time","NOT NULL","Timestamp indicating when this locked vault will mature and become eligible for payout, marking the end of the lock period.","None explicitly defined in DTO"
"LockedVault","status","constants.VaultStatus","NOT NULL","An enumeration indicating the current status of the locked vault: ACTIVE, MATURED, UNLOCKED_EARLY, or PAID_OUT, tracking vault lifecycle.","None explicitly defined in DTO"
"LockedVault","terms_version","string","NOT NULL","The version identifier of the terms and conditions accepted by the customer when opening this vault, used for legal compliance and audit purposes.","None explicitly defined in DTO"
"LockedVault","terms_accepted_at","time.Time","NOT NULL","Timestamp indicating when the customer accepted the vault terms and conditions, marking the acceptance of the vault agreement.","None explicitly defined in DTO"
"LockedVault","rate_bps","decimal.Decimal","NOT NULL","The interest rate for this locked vault expressed in basis points (BPS), where 100 BPS equals 1%, stored in high-precision decimal format.","None explicitly defined in DTO"
"LockedVault","method","constants.AccrualMethod","NOT NULL","An enumeration indicating the interest accrual method: SIMPLE or COMPOUND, determining how interest is calculated and applied.","None explicitly defined in DTO"
"LockedVault","frequency","constants.AccrualFrequency","NOT NULL","An enumeration indicating how frequently interest accrues: DAILY, MONTHLY, QUARTERLY, or ANNUALLY, determining interest calculation intervals.","None explicitly defined in DTO"
"LockedVault","early_unlock_fee_bps","decimal.Decimal","NOT NULL","The early unlock fee expressed in basis points (BPS) that applies if the vault is unlocked before maturity, stored in high-precision decimal format.","None explicitly defined in DTO"
"LockedVault","lock_period","time.Duration","NOT NULL","The duration of the lock period for this vault, specifying how long the funds must remain locked before maturity, stored as a time duration.","None explicitly defined in DTO"
"LockedVault","created_at","time.Time","NOT NULL","Timestamp when this locked vault record was initially created in the PostgreSQL database.","None explicitly defined in DTO"
"LockedVault","updated_at","time.Time","NOT NULL","Timestamp indicating the most recent modification to this locked vault record.","None explicitly defined in DTO"
"LockedVault","closed_at","sql.NullTime","nullable","Timestamp indicating when this locked vault was closed, marking the completion of the vault lifecycle, stored as nullable SQL time.","None explicitly defined in DTO"
"LockedVault","deleted_at","sql.NullTime","nullable","Timestamp indicating when this locked vault record was soft-deleted, providing an audit trail for data lifecycle management, stored as nullable SQL time.","None explicitly defined in DTO"
"EcommerceMerchant","id","bson.ObjectID","PK, auto-generated (omitempty)","The primary key serving as a unique, auto-generated MongoDB ObjectID identifier for each EcommerceMerchant record.","required (auto-generated, no user input needed)"
"EcommerceMerchant","merchant_code","string","NOT NULL","Unique merchant code used for identification and routing.","None explicitly defined in DTO"
"EcommerceMerchant","merchant_name","string","NOT NULL","Merchant name used for display and identification.","None explicitly defined in DTO"
"EcommerceMerchant","settlement_method","string","NOT NULL","Settlement method used for payouts/collections.","None explicitly defined in DTO"
"EcommerceMerchant","branches","[]types.BranchInformation","NOT NULL","List of merchant branches/locations.","None explicitly defined in DTO"
"EcommerceMerchant","email","string","NOT NULL","Merchant contact email.","None explicitly defined in DTO"
"EcommerceMerchant","phone_number","string","NOT NULL","Merchant contact phone number.","None explicitly defined in DTO"
"EcommerceMerchant","enabled","bool","NOT NULL","Boolean flag indicating whether this merchant is active.","None explicitly defined in DTO"
"EcommerceMerchant","is_deleted","bool","NOT NULL","Soft delete flag.","None explicitly defined in DTO"
"EcommerceMerchant","created_at","time.Time","NOT NULL","Timestamp when the merchant record was created.","None explicitly defined in DTO"
"EcommerceMerchant","updated_at","time.Time","NOT NULL","Timestamp indicating the most recent modification to this merchant record.","None explicitly defined in DTO"
"EcommerceMerchant","deleted_at","*time.Time","nullable","Timestamp indicating when this merchant was soft-deleted.","None explicitly defined in DTO"
"EcommerceMerchant","bank_account_number","string","optional (omitempty)","Settlement bank account number (optional).","None explicitly defined in DTO"
"LogisticsMerchant","id","bson.ObjectID","PK","The primary key serving as a unique, auto-generated MongoDB ObjectID identifier for each LogisticsMerchant record.","required (auto-generated, no user input needed)"
"LogisticsMerchant","merchant_id","string","NOT NULL","Merchant identifier used by the logistics system/integration.","None explicitly defined in DTO"
"LogisticsMerchant","merchant_type","string","NOT NULL","Logistics merchant type/category.","None explicitly defined in DTO"
"LogisticsMerchant","settlement_method","string","NOT NULL","Settlement method used for payouts/collections.","None explicitly defined in DTO"
"LogisticsMerchant","merchant_name","string","NOT NULL","Merchant name used for display and identification.","None explicitly defined in DTO"
"LogisticsMerchant","bank_account_number","string","NOT NULL","Settlement bank account number.","None explicitly defined in DTO"
"LogisticsMerchant","enabled","bool","NOT NULL","Boolean flag indicating whether this merchant is active.","None explicitly defined in DTO"
"LogisticsMerchant","is_deleted","bool","NOT NULL","Soft delete flag.","None explicitly defined in DTO"
"LogisticsMerchant","created_at","time.Time","NOT NULL","Timestamp when the merchant record was created.","None explicitly defined in DTO"
"LogisticsMerchant","updated_at","time.Time","NOT NULL","Timestamp indicating the most recent modification to this merchant record.","None explicitly defined in DTO"
"LogisticsMerchant","deleted_at","time.Time","NOT NULL (can be zero)","Timestamp indicating when this merchant was soft-deleted (may be zero-value in code).","None explicitly defined in DTO"
"UssdMerchant","id","bson.ObjectID","PK","The primary key serving as a unique, auto-generated MongoDB ObjectID identifier for each UssdMerchant record.","required (auto-generated, no user input needed)"
"UssdMerchant","merchant_code","string","NOT NULL","Merchant code used for USSD routing/identification.","None explicitly defined in DTO"
"UssdMerchant","credential","string","NOT NULL","Credential/secret used for authenticating merchant integration.","None explicitly defined in DTO"
"UssdMerchant","name","string","NOT NULL","Merchant display name.","None explicitly defined in DTO"
"UssdMerchant","settlement_method","constants.SettlementMethod","NOT NULL","Settlement method enum for this merchant.","None explicitly defined in DTO"
"UssdMerchant","phone_number","string","NOT NULL","Merchant contact phone number.","None explicitly defined in DTO"
"UssdMerchant","email","string","NOT NULL","Merchant contact email.","None explicitly defined in DTO"
"UssdMerchant","service","string","NOT NULL","Service identifier/name this merchant provides via USSD.","None explicitly defined in DTO"
"UssdMerchant","account_number","string","NOT NULL","Settlement/collection account number.","None explicitly defined in DTO"
"UssdMerchant","logo","string","NOT NULL","Logo path/URL.","None explicitly defined in DTO"
"UssdMerchant","enabled","bool","NOT NULL","Boolean flag indicating whether this merchant is enabled.","None explicitly defined in DTO"
"UssdMerchant","created_at","time.Time","NOT NULL","Timestamp when the merchant record was created.","None explicitly defined in DTO"
"UssdMerchant","updated_at","time.Time","NOT NULL","Timestamp indicating the most recent modification to this merchant record.","None explicitly defined in DTO"
